,Klf4,Sox2,Nanog,Tcfcp2l1,Esrrb
122639701,1,1,0,1,0
122639706,0,0,0,0,0
122639711,0,0,0,0,0
122639716,0,0,0,0,0
122639721,0,0,0,0,0
122639726,0,2,0,0,0
122639731,0,0,0,0,0
122639736,0,0,0,0,0
122639741,0,0,0,0,0
122639746,0,0,0,0,0
122639751,0,1,0,0,1
122639756,0,0,0,0,0
122639761,0,0,0,0,0
122639766,0,0,0,0,0
122639771,0,0,0,0,0
122639776,0,0,1,1,1
122639781,0,0,0,0,0
122639786,0,0,0,0,0
122639791,0,0,0,0,0
122639796,0,0,0,0,0
122639801,0,0,1,1,0
122639806,0,0,0,0,0
122639811,0,0,0,0,0
122639816,0,0,0,0,0
122639821,0,0,0,0,0
122639826,0,0,1,0,0
122639831,0,0,0,0,0
122639836,0,0,0,0,0
122639841,0,0,0,0,0
122639846,0,0,0,0,0
122639851,1,0,1,0,0
122639856,0,0,0,0,0
122639861,0,0,0,0,0
122639866,0,0,0,0,0
122639871,0,0,0,0,0
122639876,1,0,0,0,0
122639881,0,0,0,0,0
122639886,0,0,0,0,0
122639891,0,0,0,0,0
122639896,0,0,0,0,0
122639901,0,0,0,0,0
122639906,0,0,0,0,0
122639911,0,0,0,0,0
122639916,0,0,0,0,0
122639921,0,0,0,0,0
122639926,0,0,0,0,0
122639931,0,0,0,0,0
122639936,0,0,0,0,0
122639941,0,0,0,0,0
122639946,0,0,0,0,0
122639951,0,0,1,0,0
122639956,0,0,0,0,0
122639961,0,0,0,0,0
122639966,0,0,0,0,0
122639971,0,0,0,0,0
122639976,0,0,1,0,0
122639981,0,0,0,0,0
122639986,0,0,0,0,0
122639991,0,0,0,0,0
122639996,0,0,0,0,0
122640001,0,0,0,0,0
122640006,0,0,0,0,0
122640011,0,0,0,0,0
122640016,0,0,0,0,0
122640021,0,0,0,0,0
122640026,0,0,0,0,0
122640031,0,0,0,0,0
122640036,0,0,0,0,0
122640041,0,0,0,0,0
122640046,0,0,0,0,0
122640051,0,0,0,0,0
122640056,0,0,0,0,0
122640061,0,0,0,0,0
122640066,0,0,0,0,0
122640071,0,0,0,0,0
122640076,0,0,0,0,0
122640081,0,0,0,0,0
122640086,0,0,0,0,0
122640091,0,0,0,0,0
122640096,0,0,0,0,0
122640101,0,0,0,0,0
122640106,0,0,0,0,0
122640111,0,0,0,0,0
122640116,0,0,0,0,0
122640121,0,0,0,0,0
122640126,0,0,0,1,1
122640131,0,0,0,0,0
122640136,0,0,0,0,0
122640141,0,0,0,0,0
122640146,0,0,0,0,0
122640151,1,0,0,1,3
122640156,0,0,0,0,0
122640161,0,0,0,0,0
122640166,0,0,0,0,0
122640171,0,0,0,0,0
122640176,2,0,0,1,6
122640181,0,0,0,0,0
122640186,0,0,0,0,0
122640191,0,0,0,0,0
122640196,0,0,0,0,0
122640201,4,0,2,2,11
122640206,0,0,0,0,0
122640211,0,0,0,0,0
122640216,0,0,0,0,0
122640221,0,0,0,0,0
122640226,5,0,3,2,14
122640231,0,0,0,0,0
122640236,0,0,0,0,0
122640241,0,0,0,0,0
122640246,0,0,0,0,0
122640251,3,0,3,1,23
122640256,0,0,0,0,0
122640261,0,0,0,0,0
122640266,0,0,0,0,0
122640271,0,0,0,0,0
122640276,4,0,2,0,28
122640281,0,0,0,0,0
122640286,0,0,0,0,0
122640291,0,0,0,0,0
122640296,0,0,0,0,0
122640301,5,0,2,1,20
122640306,0,0,0,0,0
122640311,0,0,0,0,0
122640316,0,0,0,0,0
122640321,0,0,0,0,0
122640326,3,0,3,1,16
122640331,0,0,0,0,0
122640336,0,0,0,0,0
122640341,0,0,0,0,0
122640346,0,0,0,0,0
122640351,2,0,2,0,13
122640356,0,0,0,0,0
122640361,0,0,0,0,0
122640366,0,0,0,0,0
122640371,0,0,0,0,0
122640376,0,0,3,0,6
122640381,0,0,0,0,0
122640386,0,0,0,0,0
122640391,0,0,0,0,0
122640396,0,0,0,0,0
122640401,0,2,2,0,3
122640406,0,0,0,0,0
122640411,0,0,0,0,0
122640416,0,0,0,0,0
122640421,0,0,0,0,0
122640426,0,4,0,0,4
122640431,0,0,0,0,0
122640436,0,0,0,0,0
122640441,0,0,0,0,0
122640446,0,0,0,0,0
122640451,0,2,0,0,2
122640456,0,0,0,0,0
122640461,0,0,0,0,0
122640466,0,0,0,0,0
122640471,0,0,0,0,0
122640476,3,1,0,0,1
122640481,0,0,0,0,0
122640486,0,0,0,0,0
122640491,0,0,0,0,0
122640496,0,0,0,0,0
122640501,3,1,0,0,1
122640506,0,0,0,0,0
122640511,0,0,0,0,0
122640516,0,0,0,0,0
122640521,0,0,0,0,0
122640526,0,0,0,0,0
122640531,0,0,0,0,0
122640536,0,0,0,0,0
122640541,0,0,0,0,0
122640546,0,0,0,0,0
122640551,0,0,0,0,0
122640556,0,0,0,0,0
122640561,0,0,0,0,0
122640566,0,0,0,0,0
122640571,0,0,0,0,0
122640576,0,0,0,0,0
122640581,0,0,0,0,0
122640586,0,0,0,0,0
122640591,0,0,0,0,0
122640596,0,0,0,0,0
122640601,0,0,0,0,0
122640606,0,0,0,0,0
122640611,0,0,0,0,0
122640616,0,0,0,0,0
122640621,0,0,0,0,0
122640626,0,0,0,0,1
122640631,0,0,0,0,0
122640636,0,0,0,0,0
122640641,0,0,0,0,0
122640646,0,0,0,0,0
122640651,0,0,0,0,7
122640656,0,0,0,0,0
122640661,0,0,0,0,0
122640666,0,0,0,0,0
122640671,0,0,0,0,0
122640676,0,0,0,0,10
122640681,0,0,0,0,0
122640686,0,0,0,0,0
122640691,0,0,0,0,0
122640696,0,0,0,0,0
122640701,0,0,0,0,7
122640706,0,0,0,0,0
122640711,0,0,0,0,0
122640716,0,0,0,0,0
122640721,0,0,0,0,0
122640726,0,0,0,0,7
122640731,0,0,0,0,0
122640736,0,0,0,0,0
122640741,0,0,0,0,0
122640746,0,0,0,0,0
122640751,0,0,0,1,7
122640756,0,0,0,0,0
122640761,0,0,0,0,0
122640766,0,0,0,0,0
122640771,0,0,0,0,0
122640776,0,0,2,1,6
122640781,0,0,0,0,0
122640786,0,0,0,0,0
122640791,0,0,0,0,0
122640796,0,0,0,0,0
122640801,0,0,2,0,3
122640806,0,0,0,0,0
122640811,0,0,0,0,0
122640816,0,0,0,0,0
122640821,0,0,0,0,0
122640826,0,1,0,0,2
122640831,0,0,0,0,0
122640836,0,0,0,0,0
122640841,0,0,0,0,0
122640846,0,0,0,0,0
122640851,0,1,0,0,2
122640856,0,0,0,0,0
122640861,0,0,0,0,0
122640866,0,0,0,0,0
122640871,0,0,0,0,0
122640876,1,0,0,0,1
122640881,0,0,0,0,0
122640886,0,0,0,0,0
122640891,0,0,0,0,0
122640896,0,0,0,0,0
122640901,1,0,0,0,4
122640906,0,0,0,0,0
122640911,0,0,0,0,0
122640916,0,0,0,0,0
122640921,0,0,0,0,0
122640926,0,0,0,0,5
122640931,0,0,0,0,0
122640936,0,0,0,0,0
122640941,0,0,0,0,0
122640946,0,0,0,0,0
122640951,2,0,0,0,1
122640956,0,0,0,0,0
122640961,0,0,0,0,0
122640966,0,0,0,0,0
122640971,0,0,0,0,0
122640976,2,0,0,0,1
122640981,0,0,0,0,0
122640986,0,0,0,0,0
122640991,0,0,0,0,0
122640996,0,0,0,0,0
122641001,1,0,0,0,1
122641006,0,0,0,0,0
122641011,0,0,0,0,0
122641016,0,0,0,0,0
122641021,0,0,0,0,0
122641026,1,0,0,1,1
122641031,0,0,0,0,0
122641036,0,0,0,0,0
122641041,0,0,0,0,0
122641046,0,0,0,0,0
122641051,0,0,0,1,1
122641056,0,0,0,0,0
122641061,0,0,0,0,0
122641066,0,0,0,0,0
122641071,0,0,0,0,0
122641076,0,0,0,0,0
122641081,0,0,0,0,0
122641086,0,0,0,0,0
122641091,0,0,0,0,0
122641096,0,0,0,0,0
122641101,0,0,0,0,0
122641106,0,0,0,0,0
122641111,0,0,0,0,0
122641116,0,0,0,0,0
122641121,0,0,0,0,0
122641126,0,0,1,1,0
122641131,0,0,0,0,0
122641136,0,0,0,0,0
122641141,0,0,0,0,0
122641146,0,0,0,0,0
122641151,0,0,1,1,1
122641156,0,0,0,0,0
122641161,0,0,0,0,0
122641166,0,0,0,0,0
122641171,0,0,0,0,0
122641176,0,1,0,0,1
122641181,0,0,0,0,0
122641186,0,0,0,0,0
122641191,0,0,0,0,0
122641196,0,0,0,0,0
122641201,0,1,0,0,1
122641206,0,0,0,0,0
122641211,0,0,0,0,0
122641216,0,0,0,0,0
122641221,0,0,0,0,0
122641226,0,0,1,0,1
122641231,0,0,0,0,0
122641236,0,0,0,0,0
122641241,0,0,0,0,0
122641246,0,0,0,0,0
122641251,0,0,2,0,1
122641256,0,0,0,0,0
122641261,0,0,0,0,0
122641266,0,0,0,0,0
122641271,0,0,0,0,0
122641276,1,0,1,0,2
122641281,0,0,0,0,0
122641286,0,0,0,0,0
122641291,0,0,0,0,0
122641296,0,0,0,0,0
122641301,2,0,0,0,1
122641306,0,0,0,0,0
122641311,0,0,0,0,0
122641316,0,0,0,0,0
122641321,0,0,0,0,0
122641326,1,0,1,0,0
122641331,0,0,0,0,0
122641336,0,0,0,0,0
122641341,0,0,0,0,0
122641346,0,0,0,0,0
122641351,0,0,1,0,1
122641356,0,0,0,0,0
122641361,0,0,0,0,0
122641366,0,0,0,0,0
122641371,0,0,0,0,0
122641376,0,0,0,0,1
122641381,0,0,0,0,0
122641386,0,0,0,0,0
122641391,0,0,0,0,0
122641396,0,0,0,0,0
122641401,0,0,0,0,0
122641406,0,0,0,0,0
122641411,0,0,0,0,0
122641416,0,0,0,0,0
122641421,0,0,0,0,0
122641426,0,0,0,0,0
122641431,0,0,0,0,0
122641436,0,0,0,0,0
122641441,0,0,0,0,0
122641446,0,0,0,0,0
122641451,1,0,0,1,0
122641456,0,0,0,0,0
122641461,0,0,0,0,0
122641466,0,0,0,0,0
122641471,0,0,0,0,0
122641476,1,1,0,1,0
122641481,0,0,0,0,0
122641486,0,0,0,0,0
122641491,0,0,0,0,0
122641496,0,0,0,0,0
122641501,1,1,0,0,0
122641506,0,0,0,0,0
122641511,0,0,0,0,0
122641516,0,0,0,0,0
122641521,0,0,0,0,0
122641526,0,0,0,0,0
122641531,0,0,0,0,0
122641536,0,0,0,0,0
122641541,0,0,0,0,0
122641546,0,0,0,0,0
122641551,0,0,0,0,2
122641556,0,0,0,0,0
122641561,0,0,0,0,0
122641566,0,0,0,0,0
122641571,0,0,0,0,0
122641576,0,0,0,0,2
122641581,0,0,0,0,0
122641586,0,0,0,0,0
122641591,0,0,0,0,0
122641596,0,0,0,0,0
122641601,0,0,0,0,0
122641606,0,0,0,0,0
122641611,0,0,0,0,0
122641616,0,0,0,0,0
122641621,0,0,0,0,0
122641626,0,0,0,0,0
122641631,0,0,0,0,0
122641636,0,0,0,0,0
122641641,0,0,0,0,0
122641646,0,0,0,0,0
122641651,0,0,0,0,0
122641656,0,0,0,0,0
122641661,0,0,0,0,0
122641666,0,0,0,0,0
122641671,0,0,0,0,0
122641676,0,0,0,0,0
122641681,0,0,0,0,0
122641686,0,0,0,0,0
122641691,0,0,0,0,0
122641696,0,0,0,0,0
122641701,0,0,0,0,0
122641706,0,0,0,0,0
122641711,0,0,0,0,0
122641716,0,0,0,0,0
122641721,0,0,0,0,0
122641726,0,0,1,0,0
122641731,0,0,0,0,0
122641736,0,0,0,0,0
122641741,0,0,0,0,0
122641746,0,0,0,0,0
122641751,0,0,1,0,0
122641756,0,0,0,0,0
122641761,0,0,0,0,0
122641766,0,0,0,0,0
122641771,0,0,0,0,0
122641776,1,0,0,1,0
122641781,0,0,0,0,0
122641786,0,0,0,0,0
122641791,0,0,0,0,0
122641796,0,0,0,0,0
122641801,1,0,0,1,0
122641806,0,0,0,0,0
122641811,0,0,0,0,0
122641816,0,0,0,0,0
122641821,0,0,0,0,0
122641826,0,0,0,0,0
122641831,0,0,0,0,0
122641836,0,0,0,0,0
122641841,0,0,0,0,0
122641846,0,0,0,0,0
122641851,0,0,0,1,0
122641856,0,0,0,0,0
122641861,0,0,0,0,0
122641866,0,0,0,0,0
122641871,0,0,0,0,0
122641876,0,0,0,1,0
122641881,0,0,0,0,0
122641886,0,0,0,0,0
122641891,0,0,0,0,0
122641896,0,0,0,0,0
122641901,0,0,0,0,0
122641906,0,0,0,0,0
122641911,0,0,0,0,0
122641916,0,0,0,0,0
122641921,0,0,0,0,0
122641926,1,0,0,0,0
122641931,0,0,0,0,0
122641936,0,0,0,0,0
122641941,0,0,0,0,0
122641946,0,0,0,0,0
122641951,1,0,0,0,0
122641956,0,0,0,0,0
122641961,0,0,0,0,0
122641966,0,0,0,0,0
122641971,0,0,0,0,0
122641976,0,0,0,0,0
122641981,0,0,0,0,0
122641986,0,0,0,0,0
122641991,0,0,0,0,0
122641996,0,0,0,0,0
122642001,0,0,0,0,1
122642006,0,0,0,0,0
122642011,0,0,0,0,0
122642016,0,0,0,0,0
122642021,0,0,0,0,0
122642026,0,0,1,0,1
122642031,0,0,0,0,0
122642036,0,0,0,0,0
122642041,0,0,0,0,0
122642046,0,0,0,0,0
122642051,0,1,1,0,0
122642056,0,0,0,0,0
122642061,0,0,0,0,0
122642066,0,0,0,0,0
122642071,0,0,0,0,0
122642076,0,1,1,0,0
122642081,0,0,0,0,0
122642086,0,0,0,0,0
122642091,0,0,0,0,0
122642096,0,0,0,0,0
122642101,0,0,1,0,0
122642106,0,0,0,0,0
122642111,0,0,0,0,0
122642116,0,0,0,0,0
122642121,0,0,0,0,0
122642126,1,0,0,0,0
122642131,0,0,0,0,0
122642136,0,0,0,0,0
122642141,0,0,0,0,0
122642146,0,0,0,0,0
122642151,1,0,0,0,0
122642156,0,0,0,0,0
122642161,0,0,0,0,0
122642166,0,0,0,0,0
122642171,0,0,0,0,0
122642176,0,0,0,0,0
122642181,0,0,0,0,0
122642186,0,0,0,0,0
122642191,0,0,0,0,0
122642196,0,0,0,0,0
122642201,0,0,0,0,0
122642206,0,0,0,0,0
122642211,0,0,0,0,0
122642216,0,0,0,0,0
122642221,0,0,0,0,0
122642226,0,0,0,0,0
122642231,0,0,0,0,0
122642236,0,0,0,0,0
122642241,0,0,0,0,0
122642246,0,0,0,0,0
122642251,0,0,0,0,0
122642256,0,0,0,0,0
122642261,0,0,0,0,0
122642266,0,0,0,0,0
122642271,0,0,0,0,0
122642276,0,0,0,0,0
122642281,0,0,0,0,0
122642286,0,0,0,0,0
122642291,0,0,0,0,0
122642296,0,0,0,0,0
122642301,0,0,0,0,0
122642306,0,0,0,0,0
122642311,0,0,0,0,0
122642316,0,0,0,0,0
122642321,0,0,0,0,0
122642326,0,0,0,0,0
122642331,0,0,0,0,0
122642336,0,0,0,0,0
122642341,0,0,0,0,0
122642346,0,0,0,0,0
122642351,0,0,0,0,0
122642356,0,0,0,0,0
122642361,0,0,0,0,0
122642366,0,0,0,0,0
122642371,0,0,0,0,0
122642376,0,0,0,0,0
122642381,0,0,0,0,0
122642386,0,0,0,0,0
122642391,0,0,0,0,0
122642396,0,0,0,0,0
122642401,0,0,0,0,0
122642406,0,0,0,0,0
122642411,0,0,0,0,0
122642416,0,0,0,0,0
122642421,0,0,0,0,0
122642426,0,0,0,0,0
122642431,0,0,0,0,0
122642436,0,0,0,0,0
122642441,0,0,0,0,0
122642446,0,0,0,0,0
122642451,0,0,0,0,0
122642456,0,0,0,0,0
122642461,0,0,0,0,0
122642466,0,0,0,0,0
122642471,0,0,0,0,0
122642476,0,0,0,0,0
122642481,0,0,0,0,0
122642486,0,0,0,0,0
122642491,0,0,0,0,0
122642496,0,0,0,0,0
122642501,0,0,0,0,0
122642506,0,0,0,0,0
122642511,0,0,0,0,0
122642516,0,0,0,0,0
122642521,0,0,0,0,0
122642526,0,0,0,1,0
122642531,0,0,0,0,0
122642536,0,0,0,0,0
122642541,0,0,0,0,0
122642546,0,0,0,0,0
122642551,1,0,0,1,0
122642556,0,0,0,0,0
122642561,0,0,0,0,0
122642566,0,0,0,0,0
122642571,0,0,0,0,0
122642576,1,0,0,0,0
122642581,0,0,0,0,0
122642586,0,0,0,0,0
122642591,0,0,0,0,0
122642596,0,0,0,0,0
122642601,0,1,1,0,0
122642606,0,0,0,0,0
122642611,0,0,0,0,0
122642616,0,0,0,0,0
122642621,0,0,0,0,0
122642626,0,1,1,0,0
122642631,0,0,0,0,0
122642636,0,0,0,0,0
122642641,0,0,0,0,0
122642646,0,0,0,0,0
122642651,0,0,0,0,0
122642656,0,0,0,0,0
122642661,0,0,0,0,0
122642666,0,0,0,0,0
122642671,0,0,0,0,0
122642676,0,0,0,0,0
122642681,0,0,0,0,0
122642686,0,0,0,0,0
122642691,0,0,0,0,0
122642696,0,0,0,0,0
122642701,0,0,0,0,1
122642706,0,0,0,0,0
122642711,0,0,0,0,0
122642716,0,0,0,0,0
122642721,0,0,0,0,0
122642726,0,0,0,0,1
122642731,0,0,0,0,0
122642736,0,0,0,0,0
122642741,0,0,0,0,0
122642746,0,0,0,0,0
122642751,0,0,0,0,0
122642756,0,0,0,0,0
122642761,0,0,0,0,0
122642766,0,0,0,0,0
122642771,0,0,0,0,0
122642776,0,0,0,0,0
122642781,0,0,0,0,0
122642786,0,0,0,0,0
122642791,0,0,0,0,0
122642796,0,0,0,0,0
122642801,0,0,0,0,0
122642806,0,0,0,0,0
122642811,0,0,0,0,0
122642816,0,0,0,0,0
122642821,0,0,0,0,0
122642826,0,0,0,0,0
122642831,0,0,0,0,0
122642836,0,0,0,0,0
122642841,0,0,0,0,0
122642846,0,0,0,0,0
122642851,0,0,0,0,0
122642856,0,0,0,0,0
122642861,0,0,0,0,0
122642866,0,0,0,0,0
122642871,0,0,0,0,0
122642876,0,0,0,0,0
122642881,0,0,0,0,0
122642886,0,0,0,0,0
122642891,0,0,0,0,0
122642896,0,0,0,0,0
122642901,0,0,0,0,0
122642906,0,0,0,0,0
122642911,0,0,0,0,0
122642916,0,0,0,0,0
122642921,0,0,0,0,0
122642926,0,0,0,0,1
122642931,0,0,0,0,0
122642936,0,0,0,0,0
122642941,0,0,0,0,0
122642946,0,0,0,0,0
122642951,0,0,0,0,1
122642956,0,0,0,0,0
122642961,0,0,0,0,0
122642966,0,0,0,0,0
122642971,0,0,0,0,0
122642976,0,0,0,0,0
122642981,0,0,0,0,0
122642986,0,0,0,0,0
122642991,0,0,0,0,0
122642996,0,0,0,0,0
122643001,0,0,0,0,0
122643006,0,0,0,0,0
122643011,0,0,0,0,0
122643016,0,0,0,0,0
122643021,0,0,0,0,0
122643026,0,0,1,0,1
122643031,0,0,0,0,0
122643036,0,0,0,0,0
122643041,0,0,0,0,0
122643046,0,0,0,0,0
122643051,0,0,1,0,1
122643056,0,0,0,0,0
122643061,0,0,0,0,0
122643066,0,0,0,0,0
122643071,0,0,0,0,0
122643076,0,0,1,0,1
122643081,0,0,0,0,0
122643086,0,0,0,0,0
122643091,0,0,0,0,0
122643096,0,0,0,0,0
122643101,0,0,1,0,1
122643106,0,0,0,0,0
122643111,0,0,0,0,0
122643116,0,0,0,0,0
122643121,0,0,0,0,0
122643126,1,2,0,0,2
122643131,0,0,0,0,0
122643136,0,0,0,0,0
122643141,0,0,0,0,0
122643146,0,0,0,0,0
122643151,1,2,0,0,2
122643156,0,0,0,0,0
122643161,0,0,0,0,0
122643166,0,0,0,0,0
122643171,0,0,0,0,0
122643176,0,0,0,0,0
122643181,0,0,0,0,0
122643186,0,0,0,0,0
122643191,0,0,0,0,0
122643196,0,0,0,0,0
122643201,0,2,1,0,1
122643206,0,0,0,0,0
122643211,0,0,0,0,0
122643216,0,0,0,0,0
122643221,0,0,0,0,0
122643226,0,2,1,0,1
122643231,0,0,0,0,0
122643236,0,0,0,0,0
122643241,0,0,0,0,0
122643246,0,0,0,0,0
122643251,0,0,0,0,0
122643256,0,0,0,0,0
122643261,0,0,0,0,0
122643266,0,0,0,0,0
122643271,0,0,0,0,0
122643276,0,0,0,0,0
122643281,0,0,0,0,0
122643286,0,0,0,0,0
122643291,0,0,0,0,0
122643296,0,0,0,0,0
122643301,0,0,0,1,0
122643306,0,0,0,0,0
122643311,0,0,0,0,0
122643316,0,0,0,0,0
122643321,0,0,0,0,0
122643326,1,0,0,1,3
122643331,0,0,0,0,0
122643336,0,0,0,0,0
122643341,0,0,0,0,0
122643346,0,0,0,0,0
122643351,1,0,1,0,4
122643356,0,0,0,0,0
122643361,0,0,0,0,0
122643366,0,0,0,0,0
122643371,0,0,0,0,0
122643376,0,0,1,1,1
122643381,0,0,0,0,0
122643386,0,0,0,0,0
122643391,0,0,0,0,0
122643396,0,0,0,0,0
122643401,0,0,0,1,1
122643406,0,0,0,0,0
122643411,0,0,0,0,0
122643416,0,0,0,0,0
122643421,0,0,0,0,0
122643426,0,1,0,0,1
122643431,0,0,0,0,0
122643436,0,0,0,0,0
122643441,0,0,0,0,0
122643446,0,0,0,0,0
122643451,1,1,0,0,0
122643456,0,0,0,0,0
122643461,0,0,0,0,0
122643466,0,0,0,0,0
122643471,0,0,0,0,0
122643476,2,0,0,0,0
122643481,0,0,0,0,0
122643486,0,0,0,0,0
122643491,0,0,0,0,0
122643496,0,0,0,0,0
122643501,1,1,1,0,3
122643506,0,0,0,0,0
122643511,0,0,0,0,0
122643516,0,0,0,0,0
122643521,0,0,0,0,0
122643526,0,1,1,0,4
122643531,0,0,0,0,0
122643536,0,0,0,0,0
122643541,0,0,0,0,0
122643546,0,0,0,0,0
122643551,0,0,0,0,1
122643556,0,0,0,0,0
122643561,0,0,0,0,0
122643566,0,0,0,0,0
122643571,0,0,0,0,0
122643576,0,0,0,0,0
122643581,0,0,0,0,0
122643586,0,0,0,0,0
122643591,0,0,0,0,0
122643596,0,0,0,0,0
122643601,0,0,0,0,0
122643606,0,0,0,0,0
122643611,0,0,0,0,0
122643616,0,0,0,0,0
122643621,0,0,0,0,0
122643626,0,0,0,0,0
122643631,0,0,0,0,0
122643636,0,0,0,0,0
122643641,0,0,0,0,0
122643646,0,0,0,0,0
122643651,0,0,0,0,0
122643656,0,0,0,0,0
122643661,0,0,0,0,0
122643666,0,0,0,0,0
122643671,0,0,0,0,0
122643676,0,0,0,0,0
122643681,0,0,0,0,0
122643686,0,0,0,0,0
122643691,0,0,0,0,0
122643696,0,0,0,0,0
122643701,0,0,0,0,0
122643706,0,0,0,0,0
122643711,0,0,0,0,0
122643716,0,0,0,0,0
122643721,0,0,0,0,0
122643726,0,0,0,0,0
122643731,0,0,0,0,0
122643736,0,0,0,0,0
122643741,0,0,0,0,0
122643746,0,0,0,0,0
122643751,0,0,0,0,0
122643756,0,0,0,0,0
122643761,0,0,0,0,0
122643766,0,0,0,0,0
122643771,0,0,0,0,0
122643776,0,0,0,0,0
122643781,0,0,0,0,0
122643786,0,0,0,0,0
122643791,0,0,0,0,0
122643796,0,0,0,0,0
122643801,0,0,0,0,0
122643806,0,0,0,0,0
122643811,0,0,0,0,0
122643816,0,0,0,0,0
122643821,0,0,0,0,0
122643826,0,0,0,0,0
122643831,0,0,0,0,0
122643836,0,0,0,0,0
122643841,0,0,0,0,0
122643846,0,0,0,0,0
122643851,0,0,0,0,1
122643856,0,0,0,0,0
122643861,0,0,0,0,0
122643866,0,0,0,0,0
122643871,0,0,0,0,0
122643876,0,0,0,0,2
122643881,0,0,0,0,0
122643886,0,0,0,0,0
122643891,0,0,0,0,0
122643896,0,0,0,0,0
122643901,0,0,0,0,1
122643906,0,0,0,0,0
122643911,0,0,0,0,0
122643916,0,0,0,0,0
122643921,0,0,0,0,0
122643926,0,0,0,0,0
122643931,0,0,0,0,0
122643936,0,0,0,0,0
122643941,0,0,0,0,0
122643946,0,0,0,0,0
122643951,1,0,0,0,0
122643956,0,0,0,0,0
122643961,0,0,0,0,0
122643966,0,0,0,0,0
122643971,0,0,0,0,0
122643976,1,0,1,1,1
122643981,0,0,0,0,0
122643986,0,0,0,0,0
122643991,0,0,0,0,0
122643996,0,0,0,0,0
122644001,0,0,1,1,4
122644006,0,0,0,0,0
122644011,0,0,0,0,0
122644016,0,0,0,0,0
122644021,0,0,0,0,0
122644026,1,0,1,1,3
122644031,0,0,0,0,0
122644036,0,0,0,0,0
122644041,0,0,0,0,0
122644046,0,0,0,0,0
122644051,1,0,1,1,1
122644056,0,0,0,0,0
122644061,0,0,0,0,0
122644066,0,0,0,0,0
122644071,0,0,0,0,0
122644076,0,1,0,0,1
122644081,0,0,0,0,0
122644086,0,0,0,0,0
122644091,0,0,0,0,0
122644096,0,0,0,0,0
122644101,0,1,0,0,1
122644106,0,0,0,0,0
122644111,0,0,0,0,0
122644116,0,0,0,0,0
122644121,0,0,0,0,0
122644126,0,0,0,0,0
122644131,0,0,0,0,0
122644136,0,0,0,0,0
122644141,0,0,0,0,0
122644146,0,0,0,0,0
122644151,0,0,0,1,0
122644156,0,0,0,0,0
122644161,0,0,0,0,0
122644166,0,0,0,0,0
122644171,0,0,0,0,0
122644176,0,0,0,1,3
122644181,0,0,0,0,0
122644186,0,0,0,0,0
122644191,0,0,0,0,0
122644196,0,0,0,0,0
122644201,0,0,2,2,6
122644206,0,0,0,0,0
122644211,0,0,0,0,0
122644216,0,0,0,0,0
122644221,0,0,0,0,0
122644226,0,1,2,3,4
122644231,0,0,0,0,0
122644236,0,0,0,0,0
122644241,0,0,0,0,0
122644246,0,0,0,0,0
122644251,0,1,3,1,4
122644256,0,0,0,0,0
122644261,0,0,0,0,0
122644266,0,0,0,0,0
122644271,0,0,0,0,0
122644276,0,2,3,2,5
122644281,0,0,0,0,0
122644286,0,0,0,0,0
122644291,0,0,0,0,0
122644296,0,0,0,0,0
122644301,1,2,1,2,5
122644306,0,0,0,0,0
122644311,0,0,0,0,0
122644316,0,0,0,0,0
122644321,0,0,0,0,0
122644326,1,0,2,0,5
122644331,0,0,0,0,0
122644336,0,0,0,0,0
122644341,0,0,0,0,0
122644346,0,0,0,0,0
122644351,0,0,1,0,3
122644356,0,0,0,0,0
122644361,0,0,0,0,0
122644366,0,0,0,0,0
122644371,0,0,0,0,0
122644376,0,0,0,1,2
122644381,0,0,0,0,0
122644386,0,0,0,0,0
122644391,0,0,0,0,0
122644396,0,0,0,0,0
122644401,0,0,0,1,2
122644406,0,0,0,0,0
122644411,0,0,0,0,0
122644416,0,0,0,0,0
122644421,0,0,0,0,0
122644426,0,0,1,0,2
122644431,0,0,0,0,0
122644436,0,0,0,0,0
122644441,0,0,0,0,0
122644446,0,0,0,0,0
122644451,0,0,1,2,2
122644456,0,0,0,0,0
122644461,0,0,0,0,0
122644466,0,0,0,0,0
122644471,0,0,0,0,0
122644476,0,0,0,2,1
122644481,0,0,0,0,0
122644486,0,0,0,0,0
122644491,0,0,0,0,0
122644496,0,0,0,0,0
122644501,0,0,0,0,0
122644506,0,0,0,0,0
122644511,0,0,0,0,0
122644516,0,0,0,0,0
122644521,0,0,0,0,0
122644526,0,0,0,0,0
122644531,0,0,0,0,0
122644536,0,0,0,0,0
122644541,0,0,0,0,0
122644546,0,0,0,0,0
122644551,0,0,0,0,0
122644556,0,0,0,0,0
122644561,0,0,0,0,0
122644566,0,0,0,0,0
122644571,0,0,0,0,0
122644576,0,0,0,0,1
122644581,0,0,0,0,0
122644586,0,0,0,0,0
122644591,0,0,0,0,0
122644596,0,0,0,0,0
122644601,1,0,0,1,3
122644606,0,0,0,0,0
122644611,0,0,0,0,0
122644616,0,0,0,0,0
122644621,0,0,0,0,0
122644626,1,0,0,1,4
122644631,0,0,0,0,0
122644636,0,0,0,0,0
122644641,0,0,0,0,0
122644646,0,0,0,0,0
122644651,0,0,0,0,2
122644656,0,0,0,0,0
122644661,0,0,0,0,0
122644666,0,0,0,0,0
122644671,0,0,0,0,0
122644676,0,0,0,1,1
122644681,0,0,0,0,0
122644686,0,0,0,0,0
122644691,0,0,0,0,0
122644696,0,0,0,0,0
122644701,0,1,0,1,2
122644706,0,0,0,0,0
122644711,0,0,0,0,0
122644716,0,0,0,0,0
122644721,0,0,0,0,0
122644726,1,1,0,0,1
122644731,0,0,0,0,0
122644736,0,0,0,0,0
122644741,0,0,0,0,0
122644746,0,0,0,0,0
122644751,1,0,0,0,2
122644756,0,0,0,0,0
122644761,0,0,0,0,0
122644766,0,0,0,0,0
122644771,0,0,0,0,0
122644776,0,0,0,0,2
122644781,0,0,0,0,0
122644786,0,0,0,0,0
122644791,0,0,0,0,0
122644796,0,0,0,0,0
122644801,1,0,0,0,1
122644806,0,0,0,0,0
122644811,0,0,0,0,0
122644816,0,0,0,0,0
122644821,0,0,0,0,0
122644826,1,0,0,0,1
122644831,0,0,0,0,0
122644836,0,0,0,0,0
122644841,0,0,0,0,0
122644846,0,0,0,0,0
122644851,0,1,0,0,2
122644856,0,0,0,0,0
122644861,0,0,0,0,0
122644866,0,0,0,0,0
122644871,0,0,0,0,0
122644876,0,1,0,0,3
122644881,0,0,0,0,0
122644886,0,0,0,0,0
122644891,0,0,0,0,0
122644896,0,0,0,0,0
122644901,0,0,1,1,1
122644906,0,0,0,0,0
122644911,0,0,0,0,0
122644916,0,0,0,0,0
122644921,0,0,0,0,0
122644926,1,0,1,1,1
122644931,0,0,0,0,0
122644936,0,0,0,0,0
122644941,0,0,0,0,0
122644946,0,0,0,0,0
122644951,1,0,1,0,1
122644956,0,0,0,0,0
122644961,0,0,0,0,0
122644966,0,0,0,0,0
122644971,0,0,0,0,0
122644976,0,0,1,0,0
122644981,0,0,0,0,0
122644986,0,0,0,0,0
122644991,0,0,0,0,0
122644996,0,0,0,0,0
122645001,0,0,0,0,0
122645006,0,0,0,0,0
122645011,0,0,0,0,0
122645016,0,0,0,0,0
122645021,0,0,0,0,0
122645026,0,1,0,0,2
122645031,0,0,0,0,0
122645036,0,0,0,0,0
122645041,0,0,0,0,0
122645046,0,0,0,0,0
122645051,0,1,0,0,7
122645056,0,0,0,0,0
122645061,0,0,0,0,0
122645066,0,0,0,0,0
122645071,0,0,0,0,0
122645076,1,1,0,0,9
122645081,0,0,0,0,0
122645086,0,0,0,0,0
122645091,0,0,0,0,0
122645096,0,0,0,0,0
122645101,1,1,0,0,9
122645106,0,0,0,0,0
122645111,0,0,0,0,0
122645116,0,0,0,0,0
122645121,0,0,0,0,0
122645126,0,0,0,1,8
122645131,0,0,0,0,0
122645136,0,0,0,0,0
122645141,0,0,0,0,0
122645146,0,0,0,0,0
122645151,0,0,1,1,6
122645156,0,0,0,0,0
122645161,0,0,0,0,0
122645166,0,0,0,0,0
122645171,0,0,0,0,0
122645176,1,0,1,0,11
122645181,0,0,0,0,0
122645186,0,0,0,0,0
122645191,0,0,0,0,0
122645196,0,0,0,0,0
122645201,1,0,0,1,18
122645206,0,0,0,0,0
122645211,0,0,0,0,0
122645216,0,0,0,0,0
122645221,0,0,0,0,0
122645226,0,0,2,1,16
122645231,0,0,0,0,0
122645236,0,0,0,0,0
122645241,0,0,0,0,0
122645246,0,0,0,0,0
122645251,1,0,3,0,12
122645256,0,0,0,0,0
122645261,0,0,0,0,0
122645266,0,0,0,0,0
122645271,0,0,0,0,0
122645276,1,0,1,0,12
122645281,0,0,0,0,0
122645286,0,0,0,0,0
122645291,0,0,0,0,0
122645296,0,0,0,0,0
122645301,1,0,0,0,6
122645306,0,0,0,0,0
122645311,0,0,0,0,0
122645316,0,0,0,0,0
122645321,0,0,0,0,0
122645326,2,0,0,0,1
122645331,0,0,0,0,0
122645336,0,0,0,0,0
122645341,0,0,0,0,0
122645346,0,0,0,0,0
122645351,1,0,2,0,1
122645356,0,0,0,0,0
122645361,0,0,0,0,0
122645366,0,0,0,0,0
122645371,0,0,0,0,0
122645376,0,0,2,0,4
122645381,0,0,0,0,0
122645386,0,0,0,0,0
122645391,0,0,0,0,0
122645396,0,0,0,0,0
122645401,1,0,1,0,5
122645406,0,0,0,0,0
122645411,0,0,0,0,0
122645416,0,0,0,0,0
122645421,0,0,0,0,0
122645426,1,0,0,0,2
122645431,0,0,0,0,0
122645436,0,0,0,0,0
122645441,0,0,0,0,0
122645446,0,0,0,0,0
122645451,0,0,0,0,0
122645456,0,0,0,0,0
122645461,0,0,0,0,0
122645466,0,0,0,0,0
122645471,0,0,0,0,0
122645476,1,1,0,0,2
122645481,0,0,0,0,0
122645486,0,0,0,0,0
122645491,0,0,0,0,0
122645496,0,0,0,0,0
122645501,1,1,0,1,2
122645506,0,0,0,0,0
122645511,0,0,0,0,0
122645516,0,0,0,0,0
122645521,0,0,0,0,0
122645526,2,0,0,2,2
122645531,0,0,0,0,0
122645536,0,0,0,0,0
122645541,0,0,0,0,0
122645546,0,0,0,0,0
122645551,2,0,0,1,1
122645556,0,0,0,0,0
122645561,0,0,0,0,0
122645566,0,0,0,0,0
122645571,0,0,0,0,0
122645576,1,0,0,0,0
122645581,0,0,0,0,0
122645586,0,0,0,0,0
122645591,0,0,0,0,0
122645596,0,0,0,0,0
122645601,1,0,0,0,0
122645606,0,0,0,0,0
122645611,0,0,0,0,0
122645616,0,0,0,0,0
122645621,0,0,0,0,0
122645626,0,0,0,0,0
122645631,0,0,0,0,0
122645636,0,0,0,0,0
122645641,0,0,0,0,0
122645646,0,0,0,0,0
122645651,0,0,1,1,3
122645656,0,0,0,0,0
122645661,0,0,0,0,0
122645666,0,0,0,0,0
122645671,0,0,0,0,0
122645676,1,0,1,1,4
122645681,0,0,0,0,0
122645686,0,0,0,0,0
122645691,0,0,0,0,0
122645696,0,0,0,0,0
122645701,1,1,1,0,1
122645706,0,0,0,0,0
122645711,0,0,0,0,0
122645716,0,0,0,0,0
122645721,0,0,0,0,0
122645726,0,1,1,0,0
122645731,0,0,0,0,0
122645736,0,0,0,0,0
122645741,0,0,0,0,0
122645746,0,0,0,0,0
122645751,1,0,0,0,0
122645756,0,0,0,0,0
122645761,0,0,0,0,0
122645766,0,0,0,0,0
122645771,0,0,0,0,0
122645776,2,0,0,0,0
122645781,0,0,0,0,0
122645786,0,0,0,0,0
122645791,0,0,0,0,0
122645796,0,0,0,0,0
122645801,1,0,0,0,0
122645806,0,0,0,0,0
122645811,0,0,0,0,0
122645816,0,0,0,0,0
122645821,0,0,0,0,0
122645826,0,0,0,0,0
122645831,0,0,0,0,0
122645836,0,0,0,0,0
122645841,0,0,0,0,0
122645846,0,0,0,0,0
122645851,0,0,0,0,0
122645856,0,0,0,0,0
122645861,0,0,0,0,0
122645866,0,0,0,0,0
122645871,0,0,0,0,0
122645876,0,0,0,0,0
122645881,0,0,0,0,0
122645886,0,0,0,0,0
122645891,0,0,0,0,0
122645896,0,0,0,0,0
122645901,0,0,0,0,0
122645906,0,0,0,0,0
122645911,0,0,0,0,0
122645916,0,0,0,0,0
122645921,0,0,0,0,0
122645926,1,0,0,0,0
122645931,0,0,0,0,0
122645936,0,0,0,0,0
122645941,0,0,0,0,0
122645946,0,0,0,0,0
122645951,1,0,0,0,1
122645956,0,0,0,0,0
122645961,0,0,0,0,0
122645966,0,0,0,0,0
122645971,0,0,0,0,0
122645976,0,0,0,0,1
122645981,0,0,0,0,0
122645986,0,0,0,0,0
122645991,0,0,0,0,0
122645996,0,0,0,0,0
122646001,0,0,0,0,0
122646006,0,0,0,0,0
122646011,0,0,0,0,0
122646016,0,0,0,0,0
122646021,0,0,0,0,0
122646026,0,0,0,0,0
122646031,0,0,0,0,0
122646036,0,0,0,0,0
122646041,0,0,0,0,0
122646046,0,0,0,0,0
122646051,0,0,0,0,0
122646056,0,0,0,0,0
122646061,0,0,0,0,0
122646066,0,0,0,0,0
122646071,0,0,0,0,0
122646076,0,0,0,0,1
122646081,0,0,0,0,0
122646086,0,0,0,0,0
122646091,0,0,0,0,0
122646096,0,0,0,0,0
122646101,0,0,0,0,2
122646106,0,0,0,0,0
122646111,0,0,0,0,0
122646116,0,0,0,0,0
122646121,0,0,0,0,0
122646126,0,0,0,0,1
122646131,0,0,0,0,0
122646136,0,0,0,0,0
122646141,0,0,0,0,0
122646146,0,0,0,0,0
122646151,0,0,0,0,1
122646156,0,0,0,0,0
122646161,0,0,0,0,0
122646166,0,0,0,0,0
122646171,0,0,0,0,0
122646176,0,0,0,0,0
122646181,0,0,0,0,0
122646186,0,0,0,0,0
122646191,0,0,0,0,0
122646196,0,0,0,0,0
122646201,0,0,0,0,0
122646206,0,0,0,0,0
122646211,0,0,0,0,0
122646216,0,0,0,0,0
122646221,0,0,0,0,0
122646226,0,0,0,0,0
122646231,0,0,0,0,0
122646236,0,0,0,0,0
122646241,0,0,0,0,0
122646246,0,0,0,0,0
122646251,0,0,0,0,0
122646256,0,0,0,0,0
122646261,0,0,0,0,0
122646266,0,0,0,0,0
122646271,0,0,0,0,0
122646276,0,0,0,0,0
122646281,0,0,0,0,0
122646286,0,0,0,0,0
122646291,0,0,0,0,0
122646296,0,0,0,0,0
122646301,0,0,0,0,0
122646306,0,0,0,0,0
122646311,0,0,0,0,0
122646316,0,0,0,0,0
122646321,0,0,0,0,0
122646326,0,0,0,0,0
122646331,0,0,0,0,0
122646336,0,0,0,0,0
122646341,0,0,0,0,0
122646346,0,0,0,0,0
122646351,0,0,0,0,0
122646356,0,0,0,0,0
122646361,0,0,0,0,0
122646366,0,0,0,0,0
122646371,0,0,0,0,0
122646376,0,0,0,0,0
122646381,0,0,0,0,0
122646386,0,0,0,0,0
122646391,0,0,0,0,0
122646396,0,0,0,0,0
122646401,0,0,0,1,0
122646406,0,0,0,0,0
122646411,0,0,0,0,0
122646416,0,0,0,0,0
122646421,0,0,0,0,0
122646426,0,0,0,1,2
122646431,0,0,0,0,0
122646436,0,0,0,0,0
122646441,0,0,0,0,0
122646446,0,0,0,0,0
122646451,0,0,0,0,2
122646456,0,0,0,0,0
122646461,0,0,0,0,0
122646466,0,0,0,0,0
122646471,0,0,0,0,0
122646476,0,0,0,0,0
122646481,0,0,0,0,0
122646486,0,0,0,0,0
122646491,0,0,0,0,0
122646496,0,0,0,0,0
122646501,1,0,0,0,0
122646506,0,0,0,0,0
122646511,0,0,0,0,0
122646516,0,0,0,0,0
122646521,0,0,0,0,0
122646526,1,0,0,0,1
122646531,0,0,0,0,0
122646536,0,0,0,0,0
122646541,0,0,0,0,0
122646546,0,0,0,0,0
122646551,0,0,0,0,1
122646556,0,0,0,0,0
122646561,0,0,0,0,0
122646566,0,0,0,0,0
122646571,0,0,0,0,0
122646576,0,0,0,0,0
122646581,0,0,0,0,0
122646586,0,0,0,0,0
122646591,0,0,0,0,0
122646596,0,0,0,0,0
122646601,0,0,0,0,0
122646606,0,0,0,0,0
122646611,0,0,0,0,0
122646616,0,0,0,0,0
122646621,0,0,0,0,0
122646626,0,0,0,0,0
122646631,0,0,0,0,0
122646636,0,0,0,0,0
122646641,0,0,0,0,0
122646646,0,0,0,0,0
122646651,0,0,0,0,0
122646656,0,0,0,0,0
122646661,0,0,0,0,0
122646666,0,0,0,0,0
122646671,0,0,0,0,0
122646676,0,0,0,0,0
122646681,0,0,0,0,0
122646686,0,0,0,0,0
122646691,0,0,0,0,0
122646696,0,0,0,0,0
122646701,0,0,0,0,0
122646706,0,0,0,0,0
122646711,0,0,0,0,0
122646716,0,0,0,0,0
122646721,0,0,0,0,0
122646726,0,0,0,0,0
122646731,0,0,0,0,0
122646736,0,0,0,0,0
122646741,0,0,0,0,0
122646746,0,0,0,0,0
122646751,0,0,0,0,0
122646756,0,0,0,0,0
122646761,0,0,0,0,0
122646766,0,0,0,0,0
122646771,0,0,0,0,0
122646776,0,0,0,0,1
122646781,0,0,0,0,0
122646786,0,0,0,0,0
122646791,0,0,0,0,0
122646796,0,0,0,0,0
122646801,0,0,0,0,1
122646806,0,0,0,0,0
122646811,0,0,0,0,0
122646816,0,0,0,0,0
122646821,0,0,0,0,0
122646826,0,0,0,0,0
122646831,0,0,0,0,0
122646836,0,0,0,0,0
122646841,0,0,0,0,0
122646846,0,0,0,0,0
122646851,0,0,0,0,0
122646856,0,0,0,0,0
122646861,0,0,0,0,0
122646866,0,0,0,0,0
122646871,0,0,0,0,0
122646876,0,0,0,0,0
122646881,0,0,0,0,0
122646886,0,0,0,0,0
122646891,0,0,0,0,0
122646896,0,0,0,0,0
122646901,0,0,0,0,0
122646906,0,0,0,0,0
122646911,0,0,0,0,0
122646916,0,0,0,0,0
122646921,0,0,0,0,0
122646926,0,0,0,0,0
122646931,0,0,0,0,0
122646936,0,0,0,0,0
122646941,0,0,0,0,0
122646946,0,0,0,0,0
122646951,0,0,1,1,0
122646956,0,0,0,0,0
122646961,0,0,0,0,0
122646966,0,0,0,0,0
122646971,0,0,0,0,0
122646976,0,0,2,1,0
122646981,0,0,0,0,0
122646986,0,0,0,0,0
122646991,0,0,0,0,0
122646996,0,0,0,0,0
122647001,1,0,1,0,0
122647006,0,0,0,0,0
122647011,0,0,0,0,0
122647016,0,0,0,0,0
122647021,0,0,0,0,0
122647026,1,0,0,0,0
122647031,0,0,0,0,0
122647036,0,0,0,0,0
122647041,0,0,0,0,0
122647046,0,0,0,0,0
122647051,0,0,0,1,1
122647056,0,0,0,0,0
122647061,0,0,0,0,0
122647066,0,0,0,0,0
122647071,0,0,0,0,0
122647076,0,1,0,1,1
122647081,0,0,0,0,0
122647086,0,0,0,0,0
122647091,0,0,0,0,0
122647096,0,0,0,0,0
122647101,0,1,1,0,1
122647106,0,0,0,0,0
122647111,0,0,0,0,0
122647116,0,0,0,0,0
122647121,0,0,0,0,0
122647126,0,0,1,1,1
122647131,0,0,0,0,0
122647136,0,0,0,0,0
122647141,0,0,0,0,0
122647146,0,0,0,0,0
122647151,0,0,0,1,0
122647156,0,0,0,0,0
122647161,0,0,0,0,0
122647166,0,0,0,0,0
122647171,0,0,0,0,0
122647176,0,0,0,0,0
122647181,0,0,0,0,0
122647186,0,0,0,0,0
122647191,0,0,0,0,0
122647196,0,0,0,0,0
122647201,0,0,0,0,0
122647206,0,0,0,0,0
122647211,0,0,0,0,0
122647216,0,0,0,0,0
122647221,0,0,0,0,0
122647226,0,0,0,0,0
122647231,0,0,0,0,0
122647236,0,0,0,0,0
122647241,0,0,0,0,0
122647246,0,0,0,0,0
122647251,0,0,0,0,0
122647256,0,0,0,0,0
122647261,0,0,0,0,0
122647266,0,0,0,0,0
122647271,0,0,0,0,0
122647276,0,0,0,0,0
122647281,0,0,0,0,0
122647286,0,0,0,0,0
122647291,0,0,0,0,0
122647296,0,0,0,0,0
122647301,0,0,0,0,0
122647306,0,0,0,0,0
122647311,0,0,0,0,0
122647316,0,0,0,0,0
122647321,0,0,0,0,0
122647326,0,0,0,0,0
122647331,0,0,0,0,0
122647336,0,0,0,0,0
122647341,0,0,0,0,0
122647346,0,0,0,0,0
122647351,0,1,0,0,0
122647356,0,0,0,0,0
122647361,0,0,0,0,0
122647366,0,0,0,0,0
122647371,0,0,0,0,0
122647376,0,1,0,1,0
122647381,0,0,0,0,0
122647386,0,0,0,0,0
122647391,0,0,0,0,0
122647396,0,0,0,0,0
122647401,1,1,1,1,0
122647406,0,0,0,0,0
122647411,0,0,0,0,0
122647416,0,0,0,0,0
122647421,0,0,0,0,0
122647426,1,1,1,0,0
122647431,0,0,0,0,0
122647436,0,0,0,0,0
122647441,0,0,0,0,0
122647446,0,0,0,0,0
122647451,0,0,0,0,1
122647456,0,0,0,0,0
122647461,0,0,0,0,0
122647466,0,0,0,0,0
122647471,0,0,0,0,0
122647476,0,0,0,0,1
122647481,0,0,0,0,0
122647486,0,0,0,0,0
122647491,0,0,0,0,0
122647496,0,0,0,0,0
122647501,0,0,0,0,0
122647506,0,0,0,0,0
122647511,0,0,0,0,0
122647516,0,0,0,0,0
122647521,0,0,0,0,0
122647526,0,0,0,0,0
122647531,0,0,0,0,0
122647536,0,0,0,0,0
122647541,0,0,0,0,0
122647546,0,0,0,0,0
122647551,0,0,1,1,0
122647556,0,0,0,0,0
122647561,0,0,0,0,0
122647566,0,0,0,0,0
122647571,0,0,0,0,0
122647576,0,0,1,1,0
122647581,0,0,0,0,0
122647586,0,0,0,0,0
122647591,0,0,0,0,0
122647596,0,0,0,0,0
122647601,0,0,0,0,0
122647606,0,0,0,0,0
122647611,0,0,0,0,0
122647616,0,0,0,0,0
122647621,0,0,0,0,0
122647626,0,0,0,0,0
122647631,0,0,0,0,0
122647636,0,0,0,0,0
122647641,0,0,0,0,0
122647646,0,0,0,0,0
122647651,0,0,0,0,0
122647656,0,0,0,0,0
122647661,0,0,0,0,0
122647666,0,0,0,0,0
122647671,0,0,0,0,0
122647676,0,0,0,0,0
122647681,0,0,0,0,0
122647686,0,0,0,0,0
122647691,0,0,0,0,0
122647696,0,0,0,0,0
122647701,0,0,0,0,0
122647706,0,0,0,0,0
122647711,0,0,0,0,0
122647716,0,0,0,0,0
122647721,0,0,0,0,0
122647726,0,0,0,0,0
122647731,0,0,0,0,0
122647736,0,0,0,0,0
122647741,0,0,0,0,0
122647746,0,0,0,0,0
122647751,0,0,0,0,0
122647756,0,0,0,0,0
122647761,0,0,0,0,0
122647766,0,0,0,0,0
122647771,0,0,0,0,0
122647776,0,1,0,1,0
122647781,0,0,0,0,0
122647786,0,0,0,0,0
122647791,0,0,0,0,0
122647796,0,0,0,0,0
122647801,0,1,0,2,0
122647806,0,0,0,0,0
122647811,0,0,0,0,0
122647816,0,0,0,0,0
122647821,0,0,0,0,0
122647826,0,0,0,1,0
122647831,0,0,0,0,0
122647836,0,0,0,0,0
122647841,0,0,0,0,0
122647846,0,0,0,0,0
122647851,0,0,0,0,0
122647856,0,0,0,0,0
122647861,0,0,0,0,0
122647866,0,0,0,0,0
122647871,0,0,0,0,0
122647876,0,0,0,0,0
122647881,0,0,0,0,0
122647886,0,0,0,0,0
122647891,0,0,0,0,0
122647896,0,0,0,0,0
122647901,0,0,0,0,0
122647906,0,0,0,0,0
122647911,0,0,0,0,0
122647916,0,0,0,0,0
122647921,0,0,0,0,0
122647926,1,0,0,1,0
122647931,0,0,0,0,0
122647936,0,0,0,0,0
122647941,0,0,0,0,0
122647946,0,0,0,0,0
122647951,1,0,1,1,0
122647956,0,0,0,0,0
122647961,0,0,0,0,0
122647966,0,0,0,0,0
122647971,0,0,0,0,0
122647976,0,0,1,0,0
122647981,0,0,0,0,0
122647986,0,0,0,0,0
122647991,0,0,0,0,0
122647996,0,0,0,0,0
122648001,0,0,0,0,0
122648006,0,0,0,0,0
122648011,0,0,0,0,0
122648016,0,0,0,0,0
122648021,0,0,0,0,0
122648026,0,0,0,0,0
122648031,0,0,0,0,0
122648036,0,0,0,0,0
122648041,0,0,0,0,0
122648046,0,0,0,0,0
122648051,0,0,0,0,0
122648056,0,0,0,0,0
122648061,0,0,0,0,0
122648066,0,0,0,0,0
122648071,0,0,0,0,0
122648076,0,0,0,0,0
122648081,0,0,0,0,0
122648086,0,0,0,0,0
122648091,0,0,0,0,0
122648096,0,0,0,0,0
122648101,0,0,0,0,0
122648106,0,0,0,0,0
122648111,0,0,0,0,0
122648116,0,0,0,0,0
122648121,0,0,0,0,0
122648126,0,0,0,0,0
122648131,0,0,0,0,0
122648136,0,0,0,0,0
122648141,0,0,0,0,0
122648146,0,0,0,0,0
122648151,0,0,0,0,0
122648156,0,0,0,0,0
122648161,0,0,0,0,0
122648166,0,0,0,0,0
122648171,0,0,0,0,0
122648176,0,0,0,0,0
122648181,0,0,0,0,0
122648186,0,0,0,0,0
122648191,0,0,0,0,0
122648196,0,0,0,0,0
122648201,0,0,0,0,0
122648206,0,0,0,0,0
122648211,0,0,0,0,0
122648216,0,0,0,0,0
122648221,0,0,0,0,0
122648226,0,0,0,0,0
122648231,0,0,0,0,0
122648236,0,0,0,0,0
122648241,0,0,0,0,0
122648246,0,0,0,0,0
122648251,0,0,0,0,1
122648256,0,0,0,0,0
122648261,0,0,0,0,0
122648266,0,0,0,0,0
122648271,0,0,0,0,0
122648276,0,0,0,0,2
122648281,0,0,0,0,0
122648286,0,0,0,0,0
122648291,0,0,0,0,0
122648296,0,0,0,0,0
122648301,0,0,0,0,1
122648306,0,0,0,0,0
122648311,0,0,0,0,0
122648316,0,0,0,0,0
122648321,0,0,0,0,0
122648326,0,0,0,0,0
122648331,0,0,0,0,0
122648336,0,0,0,0,0
122648341,0,0,0,0,0
122648346,0,0,0,0,0
122648351,0,0,0,0,0
122648356,0,0,0,0,0
122648361,0,0,0,0,0
122648366,0,0,0,0,0
122648371,0,0,0,0,0
122648376,0,0,0,0,0
122648381,0,0,0,0,0
122648386,0,0,0,0,0
122648391,0,0,0,0,0
122648396,0,0,0,0,0
122648401,0,0,0,0,0
122648406,0,0,0,0,0
122648411,0,0,0,0,0
122648416,0,0,0,0,0
122648421,0,0,0,0,0
122648426,0,0,0,0,0
122648431,0,0,0,0,0
122648436,0,0,0,0,0
122648441,0,0,0,0,0
122648446,0,0,0,0,0
122648451,0,0,0,0,0
122648456,0,0,0,0,0
122648461,0,0,0,0,0
122648466,0,0,0,0,0
122648471,0,0,0,0,0
122648476,0,0,0,0,0
122648481,0,0,0,0,0
122648486,0,0,0,0,0
122648491,0,0,0,0,0
122648496,0,0,0,0,0
122648501,0,1,0,0,0
122648506,0,0,0,0,0
122648511,0,0,0,0,0
122648516,0,0,0,0,0
122648521,0,0,0,0,0
122648526,0,2,0,1,1
122648531,0,0,0,0,0
122648536,0,0,0,0,0
122648541,0,0,0,0,0
122648546,0,0,0,0,0
122648551,0,1,0,1,1
122648556,0,0,0,0,0
122648561,0,0,0,0,0
122648566,0,0,0,0,0
122648571,0,0,0,0,0
122648576,0,0,0,0,0
122648581,0,0,0,0,0
122648586,0,0,0,0,0
122648591,0,0,0,0,0
122648596,0,0,0,0,0
122648601,0,0,0,0,0
122648606,0,0,0,0,0
122648611,0,0,0,0,0
122648616,0,0,0,0,0
122648621,0,0,0,0,0
122648626,0,0,0,0,0
122648631,0,0,0,0,0
122648636,0,0,0,0,0
122648641,0,0,0,0,0
122648646,0,0,0,0,0
122648651,0,0,0,0,0
122648656,0,0,0,0,0
122648661,0,0,0,0,0
122648666,0,0,0,0,0
122648671,0,0,0,0,0
122648676,0,0,0,0,0
122648681,0,0,0,0,0
122648686,0,0,0,0,0
122648691,0,0,0,0,0
122648696,0,0,0,0,0
122648701,0,0,0,0,0
122648706,0,0,0,0,0
122648711,0,0,0,0,0
122648716,0,0,0,0,0
122648721,0,0,0,0,0
122648726,0,0,1,0,2
122648731,0,0,0,0,0
122648736,0,0,0,0,0
122648741,0,0,0,0,0
122648746,0,0,0,0,0
122648751,0,0,1,0,2
122648756,0,0,0,0,0
122648761,0,0,0,0,0
122648766,0,0,0,0,0
122648771,0,0,0,0,0
122648776,0,0,0,0,0
122648781,0,0,0,0,0
122648786,0,0,0,0,0
122648791,0,0,0,0,0
122648796,0,0,0,0,0
122648801,1,0,0,0,0
122648806,0,0,0,0,0
122648811,0,0,0,0,0
122648816,0,0,0,0,0
122648821,0,0,0,0,0
122648826,4,1,0,0,1
122648831,0,0,0,0,0
122648836,0,0,0,0,0
122648841,0,0,0,0,0
122648846,0,0,0,0,0
122648851,4,1,0,0,1
122648856,0,0,0,0,0
122648861,0,0,0,0,0
122648866,0,0,0,0,0
122648871,0,0,0,0,0
122648876,0,0,0,0,0
122648881,0,0,0,0,0
122648886,0,0,0,0,0
122648891,0,0,0,0,0
122648896,0,0,0,0,0
122648901,0,0,0,0,0
122648906,0,0,0,0,0
122648911,0,0,0,0,0
122648916,0,0,0,0,0
122648921,0,0,0,0,0
122648926,0,0,0,0,0
122648931,0,0,0,0,0
122648936,0,0,0,0,0
122648941,0,0,0,0,0
122648946,0,0,0,0,0
122648951,0,0,0,0,0
122648956,0,0,0,0,0
122648961,0,0,0,0,0
122648966,0,0,0,0,0
122648971,0,0,0,0,0
122648976,0,0,0,0,0
122648981,0,0,0,0,0
122648986,0,0,0,0,0
122648991,0,0,0,0,0
122648996,0,0,0,0,0
122649001,0,0,0,0,0
122649006,0,0,0,0,0
122649011,0,0,0,0,0
122649016,0,0,0,0,0
122649021,0,0,0,0,0
122649026,0,0,0,0,0
122649031,0,0,0,0,0
122649036,0,0,0,0,0
122649041,0,0,0,0,0
122649046,0,0,0,0,0
122649051,0,1,0,1,0
122649056,0,0,0,0,0
122649061,0,0,0,0,0
122649066,0,0,0,0,0
122649071,0,0,0,0,0
122649076,1,1,0,1,0
122649081,0,0,0,0,0
122649086,0,0,0,0,0
122649091,0,0,0,0,0
122649096,0,0,0,0,0
122649101,1,0,0,0,0
122649106,0,0,0,0,0
122649111,0,0,0,0,0
122649116,0,0,0,0,0
122649121,0,0,0,0,0
122649126,0,0,0,1,0
122649131,0,0,0,0,0
122649136,0,0,0,0,0
122649141,0,0,0,0,0
122649146,0,0,0,0,0
122649151,0,0,0,1,0
122649156,0,0,0,0,0
122649161,0,0,0,0,0
122649166,0,0,0,0,0
122649171,0,0,0,0,0
122649176,0,0,0,0,0
122649181,0,0,0,0,0
122649186,0,0,0,0,0
122649191,0,0,0,0,0
122649196,0,0,0,0,0
122649201,0,0,0,0,0
122649206,0,0,0,0,0
122649211,0,0,0,0,0
122649216,0,0,0,0,0
122649221,0,0,0,0,0
122649226,0,0,1,1,0
122649231,0,0,0,0,0
122649236,0,0,0,0,0
122649241,0,0,0,0,0
122649246,0,0,0,0,0
122649251,0,0,1,1,0
122649256,0,0,0,0,0
122649261,0,0,0,0,0
122649266,0,0,0,0,0
122649271,0,0,0,0,0
122649276,0,0,0,0,0
122649281,0,0,0,0,0
122649286,0,0,0,0,0
122649291,0,0,0,0,0
122649296,0,0,0,0,0
122649301,0,0,0,0,0
122649306,0,0,0,0,0
122649311,0,0,0,0,0
122649316,0,0,0,0,0
122649321,0,0,0,0,0
122649326,0,0,0,0,0
122649331,0,0,0,0,0
122649336,0,0,0,0,0
122649341,0,0,0,0,0
122649346,0,0,0,0,0
122649351,0,0,0,0,0
122649356,0,0,0,0,0
122649361,0,0,0,0,0
122649366,0,0,0,0,0
122649371,0,0,0,0,0
122649376,0,0,0,0,0
122649381,0,0,0,0,0
122649386,0,0,0,0,0
122649391,0,0,0,0,0
122649396,0,0,0,0,0
122649401,0,0,0,0,0
122649406,0,0,0,0,0
122649411,0,0,0,0,0
122649416,0,0,0,0,0
122649421,0,0,0,0,0
122649426,0,0,0,0,0
122649431,0,0,0,0,0
122649436,0,0,0,0,0
122649441,0,0,0,0,0
122649446,0,0,0,0,0
122649451,0,0,0,1,0
122649456,0,0,0,0,0
122649461,0,0,0,0,0
122649466,0,0,0,0,0
122649471,0,0,0,0,0
122649476,0,0,0,1,1
122649481,0,0,0,0,0
122649486,0,0,0,0,0
122649491,0,0,0,0,0
122649496,0,0,0,0,0
122649501,0,1,0,0,1
122649506,0,0,0,0,0
122649511,0,0,0,0,0
122649516,0,0,0,0,0
122649521,0,0,0,0,0
122649526,0,1,0,0,0
122649531,0,0,0,0,0
122649536,0,0,0,0,0
122649541,0,0,0,0,0
122649546,0,0,0,0,0
122649551,0,0,0,0,0
122649556,0,0,0,0,0
122649561,0,0,0,0,0
122649566,0,0,0,0,0
122649571,0,0,0,0,0
122649576,0,0,0,0,0
122649581,0,0,0,0,0
122649586,0,0,0,0,0
122649591,0,0,0,0,0
122649596,0,0,0,0,0
122649601,0,0,0,0,0
122649606,0,0,0,0,0
122649611,0,0,0,0,0
122649616,0,0,0,0,0
122649621,0,0,0,0,0
122649626,0,0,1,0,0
122649631,0,0,0,0,0
122649636,0,0,0,0,0
122649641,0,0,0,0,0
122649646,0,0,0,0,0
122649651,0,0,1,0,0
122649656,0,0,0,0,0
122649661,0,0,0,0,0
122649666,0,0,0,0,0
122649671,0,0,0,0,0
122649676,0,0,0,0,0
122649681,0,0,0,0,0
122649686,0,0,0,0,0
122649691,0,0,0,0,0
122649696,0,0,0,0,0
122649701,0,0,0,0,0
122649706,0,0,0,0,0
122649711,0,0,0,0,0
122649716,0,0,0,0,0
122649721,0,0,0,0,0
122649726,0,0,0,0,0
122649731,0,0,0,0,0
122649736,0,0,0,0,0
122649741,0,0,0,0,0
122649746,0,0,0,0,0
122649751,0,0,0,0,0
122649756,0,0,0,0,0
122649761,0,0,0,0,0
122649766,0,0,0,0,0
122649771,0,0,0,0,0
122649776,0,0,0,0,1
122649781,0,0,0,0,0
122649786,0,0,0,0,0
122649791,0,0,0,0,0
122649796,0,0,0,0,0
122649801,0,0,0,1,2
122649806,0,0,0,0,0
122649811,0,0,0,0,0
122649816,0,0,0,0,0
122649821,0,0,0,0,0
122649826,0,0,0,2,1
122649831,0,0,0,0,0
122649836,0,0,0,0,0
122649841,0,0,0,0,0
122649846,0,0,0,0,0
122649851,0,0,0,1,1
122649856,0,0,0,0,0
122649861,0,0,0,0,0
122649866,0,0,0,0,0
122649871,0,0,0,0,0
122649876,2,0,1,1,1
122649881,0,0,0,0,0
122649886,0,0,0,0,0
122649891,0,0,0,0,0
122649896,0,0,0,0,0
122649901,2,0,1,0,1
122649906,0,0,0,0,0
122649911,0,0,0,0,0
122649916,0,0,0,0,0
122649921,0,0,0,0,0
122649926,0,0,0,0,0
122649931,0,0,0,0,0
122649936,0,0,0,0,0
122649941,0,0,0,0,0
122649946,0,0,0,0,0
122649951,0,0,0,0,0
122649956,0,0,0,0,0
122649961,0,0,0,0,0
122649966,0,0,0,0,0
122649971,0,0,0,0,0
122649976,0,1,0,1,0
122649981,0,0,0,0,0
122649986,0,0,0,0,0
122649991,0,0,0,0,0
122649996,0,0,0,0,0
122650001,0,1,0,1,0
122650006,0,0,0,0,0
122650011,0,0,0,0,0
122650016,0,0,0,0,0
122650021,0,0,0,0,0
122650026,0,0,0,0,0
122650031,0,0,0,0,0
122650036,0,0,0,0,0
122650041,0,0,0,0,0
122650046,0,0,0,0,0
122650051,0,0,0,0,2
122650056,0,0,0,0,0
122650061,0,0,0,0,0
122650066,0,0,0,0,0
122650071,0,0,0,0,0
122650076,0,0,0,0,2
122650081,0,0,0,0,0
122650086,0,0,0,0,0
122650091,0,0,0,0,0
122650096,0,0,0,0,0
122650101,0,0,0,0,0
122650106,0,0,0,0,0
122650111,0,0,0,0,0
122650116,0,0,0,0,0
122650121,0,0,0,0,0
122650126,0,0,1,0,0
122650131,0,0,0,0,0
122650136,0,0,0,0,0
122650141,0,0,0,0,0
122650146,0,0,0,0,0
122650151,0,0,1,0,0
122650156,0,0,0,0,0
122650161,0,0,0,0,0
122650166,0,0,0,0,0
122650171,0,0,0,0,0
122650176,0,0,0,0,0
122650181,0,0,0,0,0
122650186,0,0,0,0,0
122650191,0,0,0,0,0
122650196,0,0,0,0,0
122650201,0,0,0,0,0
122650206,0,0,0,0,0
122650211,0,0,0,0,0
122650216,0,0,0,0,0
122650221,0,0,0,0,0
122650226,0,0,0,0,1
122650231,0,0,0,0,0
122650236,0,0,0,0,0
122650241,0,0,0,0,0
122650246,0,0,0,0,0
122650251,1,0,0,0,1
122650256,0,0,0,0,0
122650261,0,0,0,0,0
122650266,0,0,0,0,0
122650271,0,0,0,0,0
122650276,1,0,0,0,0
122650281,0,0,0,0,0
122650286,0,0,0,0,0
122650291,0,0,0,0,0
122650296,0,0,0,0,0
122650301,0,0,0,0,0
122650306,0,0,0,0,0
122650311,0,0,0,0,0
122650316,0,0,0,0,0
122650321,0,0,0,0,0
122650326,0,0,0,0,0
122650331,0,0,0,0,0
122650336,0,0,0,0,0
122650341,0,0,0,0,0
122650346,0,0,0,0,0
122650351,0,0,0,0,0
122650356,0,0,0,0,0
122650361,0,0,0,0,0
122650366,0,0,0,0,0
122650371,0,0,0,0,0
122650376,0,0,0,0,0
122650381,0,0,0,0,0
122650386,0,0,0,0,0
122650391,0,0,0,0,0
122650396,0,0,0,0,0
122650401,0,0,0,0,0
122650406,0,0,0,0,0
122650411,0,0,0,0,0
122650416,0,0,0,0,0
122650421,0,0,0,0,0
122650426,0,0,0,0,0
122650431,0,0,0,0,0
122650436,0,0,0,0,0
122650441,0,0,0,0,0
122650446,0,0,0,0,0
122650451,0,0,0,0,0
122650456,0,0,0,0,0
122650461,0,0,0,0,0
122650466,0,0,0,0,0
122650471,0,0,0,0,0
122650476,0,0,1,0,0
122650481,0,0,0,0,0
122650486,0,0,0,0,0
122650491,0,0,0,0,0
122650496,0,0,0,0,0
122650501,0,0,1,0,0
122650506,0,0,0,0,0
122650511,0,0,0,0,0
122650516,0,0,0,0,0
122650521,0,0,0,0,0
122650526,0,0,0,0,0
122650531,0,0,0,0,0
122650536,0,0,0,0,0
122650541,0,0,0,0,0
122650546,0,0,0,0,0
122650551,0,0,0,0,0
122650556,0,0,0,0,0
122650561,0,0,0,0,0
122650566,0,0,0,0,0
122650571,0,0,0,0,0
122650576,0,0,0,0,0
122650581,0,0,0,0,0
122650586,0,0,0,0,0
122650591,0,0,0,0,0
122650596,0,0,0,0,0
122650601,0,0,0,0,0
122650606,0,0,0,0,0
122650611,0,0,0,0,0
122650616,0,0,0,0,0
122650621,0,0,0,0,0
122650626,0,0,0,0,0
122650631,0,0,0,0,0
122650636,0,0,0,0,0
122650641,0,0,0,0,0
122650646,0,0,0,0,0
122650651,0,0,0,0,0
122650656,0,0,0,0,0
122650661,0,0,0,0,0
122650666,0,0,0,0,0
122650671,0,0,0,0,0
122650676,0,0,0,0,0
122650681,0,0,0,0,0
122650686,0,0,0,0,0
122650691,0,0,0,0,0
122650696,0,0,0,0,0
122650701,0,0,0,0,0
122650706,0,0,0,0,0
122650711,0,0,0,0,0
122650716,0,0,0,0,0
122650721,0,0,0,0,0
122650726,0,0,0,0,0
122650731,0,0,0,0,0
122650736,0,0,0,0,0
122650741,0,0,0,0,0
122650746,0,0,0,0,0
122650751,0,0,0,0,0
122650756,0,0,0,0,0
122650761,0,0,0,0,0
122650766,0,0,0,0,0
122650771,0,0,0,0,0
122650776,0,0,0,0,0
122650781,0,0,0,0,0
122650786,0,0,0,0,0
122650791,0,0,0,0,0
122650796,0,0,0,0,0
122650801,0,0,0,0,0
122650806,0,0,0,0,0
122650811,0,0,0,0,0
122650816,0,0,0,0,0
122650821,0,0,0,0,0
122650826,0,0,0,0,0
122650831,0,0,0,0,0
122650836,0,0,0,0,0
122650841,0,0,0,0,0
122650846,0,0,0,0,0
122650851,0,0,0,0,0
122650856,0,0,0,0,0
122650861,0,0,0,0,0
122650866,0,0,0,0,0
122650871,0,0,0,0,0
122650876,0,0,0,0,0
122650881,0,0,0,0,0
122650886,0,0,0,0,0
122650891,0,0,0,0,0
122650896,0,0,0,0,0
122650901,0,0,0,0,0
122650906,0,0,0,0,0
122650911,0,0,0,0,0
122650916,0,0,0,0,0
122650921,0,0,0,0,0
122650926,0,0,0,0,0
122650931,0,0,0,0,0
122650936,0,0,0,0,0
122650941,0,0,0,0,0
122650946,0,0,0,0,0
122650951,0,0,0,0,0
122650956,0,0,0,0,0
122650961,0,0,0,0,0
122650966,0,0,0,0,0
122650971,0,0,0,0,0
122650976,0,0,0,0,0
122650981,0,0,0,0,0
122650986,0,0,0,0,0
122650991,0,0,0,0,0
122650996,0,0,0,0,0
122651001,0,0,0,0,0
122651006,0,0,0,0,0
122651011,0,0,0,0,0
122651016,0,0,0,0,0
122651021,0,0,0,0,0
122651026,0,0,0,0,0
122651031,0,0,0,0,0
122651036,0,0,0,0,0
122651041,0,0,0,0,0
122651046,0,0,0,0,0
122651051,0,0,0,0,0
122651056,0,0,0,0,0
122651061,0,0,0,0,0
122651066,0,0,0,0,0
122651071,0,0,0,0,0
122651076,0,0,0,0,0
122651081,0,0,0,0,0
122651086,0,0,0,0,0
122651091,0,0,0,0,0
122651096,0,0,0,0,0
122651101,0,0,0,0,0
122651106,0,0,0,0,0
122651111,0,0,0,0,0
122651116,0,0,0,0,0
122651121,0,0,0,0,0
122651126,0,0,0,0,0
122651131,0,0,0,0,0
122651136,0,0,0,0,0
122651141,0,0,0,0,0
122651146,0,0,0,0,0
122651151,0,0,1,0,0
122651156,0,0,0,0,0
122651161,0,0,0,0,0
122651166,0,0,0,0,0
122651171,0,0,0,0,0
122651176,0,0,1,0,0
122651181,0,0,0,0,0
122651186,0,0,0,0,0
122651191,0,0,0,0,0
122651196,0,0,0,0,0
122651201,0,1,0,0,1
122651206,0,0,0,0,0
122651211,0,0,0,0,0
122651216,0,0,0,0,0
122651221,0,0,0,0,0
122651226,0,1,0,0,1
122651231,0,0,0,0,0
122651236,0,0,0,0,0
122651241,0,0,0,0,0
122651246,0,0,0,0,0
122651251,0,0,0,0,1
122651256,0,0,0,0,0
122651261,0,0,0,0,0
122651266,0,0,0,0,0
122651271,0,0,0,0,0
122651276,0,0,0,0,1
122651281,0,0,0,0,0
122651286,0,0,0,0,0
122651291,0,0,0,0,0
122651296,0,0,0,0,0
122651301,0,0,0,0,0
122651306,0,0,0,0,0
122651311,0,0,0,0,0
122651316,0,0,0,0,0
122651321,0,0,0,0,0
122651326,0,0,0,0,0
122651331,0,0,0,0,0
122651336,0,0,0,0,0
122651341,0,0,0,0,0
122651346,0,0,0,0,0
122651351,0,0,0,0,0
122651356,0,0,0,0,0
122651361,0,0,0,0,0
122651366,0,0,0,0,0
122651371,0,0,0,0,0
122651376,0,0,0,0,0
122651381,0,0,0,0,0
122651386,0,0,0,0,0
122651391,0,0,0,0,0
122651396,0,0,0,0,0
122651401,0,0,0,0,0
122651406,0,0,0,0,0
122651411,0,0,0,0,0
122651416,0,0,0,0,0
122651421,0,0,0,0,0
122651426,0,0,0,0,0
122651431,0,0,0,0,0
122651436,0,0,0,0,0
122651441,0,0,0,0,0
122651446,0,0,0,0,0
122651451,0,0,2,0,0
122651456,0,0,0,0,0
122651461,0,0,0,0,0
122651466,0,0,0,0,0
122651471,0,0,0,0,0
122651476,0,0,2,1,0
122651481,0,0,0,0,0
122651486,0,0,0,0,0
122651491,0,0,0,0,0
122651496,0,0,0,0,0
122651501,0,0,0,1,0
122651506,0,0,0,0,0
122651511,0,0,0,0,0
122651516,0,0,0,0,0
122651521,0,0,0,0,0
122651526,0,0,0,0,0
122651531,0,0,0,0,0
122651536,0,0,0,0,0
122651541,0,0,0,0,0
122651546,0,0,0,0,0
122651551,0,0,0,1,0
122651556,0,0,0,0,0
122651561,0,0,0,0,0
122651566,0,0,0,0,0
122651571,0,0,0,0,0
122651576,0,0,1,1,0
122651581,0,0,0,0,0
122651586,0,0,0,0,0
122651591,0,0,0,0,0
122651596,0,0,0,0,0
122651601,0,1,1,2,0
122651606,0,0,0,0,0
122651611,0,0,0,0,0
122651616,0,0,0,0,0
122651621,0,0,0,0,0
122651626,0,1,2,4,0
122651631,0,0,0,0,0
122651636,0,0,0,0,0
122651641,0,0,0,0,0
122651646,0,0,0,0,0
122651651,0,0,2,2,1
122651656,0,0,0,0,0
122651661,0,0,0,0,0
122651666,0,0,0,0,0
122651671,0,0,0,0,0
122651676,0,0,1,0,1
122651681,0,0,0,0,0
122651686,0,0,0,0,0
122651691,0,0,0,0,0
122651696,0,0,0,0,0
122651701,1,0,1,1,1
122651706,0,0,0,0,0
122651711,0,0,0,0,0
122651716,0,0,0,0,0
122651721,0,0,0,0,0
122651726,1,0,0,1,1
122651731,0,0,0,0,0
122651736,0,0,0,0,0
122651741,0,0,0,0,0
122651746,0,0,0,0,0
122651751,0,0,0,0,0
122651756,0,0,0,0,0
122651761,0,0,0,0,0
122651766,0,0,0,0,0
122651771,0,0,0,0,0
122651776,0,0,0,0,0
122651781,0,0,0,0,0
122651786,0,0,0,0,0
122651791,0,0,0,0,0
122651796,0,0,0,0,0
122651801,0,0,0,0,0
122651806,0,0,0,0,0
122651811,0,0,0,0,0
122651816,0,0,0,0,0
122651821,0,0,0,0,0
122651826,0,0,0,0,0
122651831,0,0,0,0,0
122651836,0,0,0,0,0
122651841,0,0,0,0,0
122651846,0,0,0,0,0
122651851,1,1,0,0,0
122651856,0,0,0,0,0
122651861,0,0,0,0,0
122651866,0,0,0,0,0
122651871,0,0,0,0,0
122651876,1,1,0,0,0
122651881,0,0,0,0,0
122651886,0,0,0,0,0
122651891,0,0,0,0,0
122651896,0,0,0,0,0
122651901,0,0,0,0,1
122651906,0,0,0,0,0
122651911,0,0,0,0,0
122651916,0,0,0,0,0
122651921,0,0,0,0,0
122651926,0,0,0,1,1
122651931,0,0,0,0,0
122651936,0,0,0,0,0
122651941,0,0,0,0,0
122651946,0,0,0,0,0
122651951,0,0,0,1,0
122651956,0,0,0,0,0
122651961,0,0,0,0,0
122651966,0,0,0,0,0
122651971,0,0,0,0,0
122651976,0,0,0,0,0
122651981,0,0,0,0,0
122651986,0,0,0,0,0
122651991,0,0,0,0,0
122651996,0,0,0,0,0
122652001,1,1,0,1,0
122652006,0,0,0,0,0
122652011,0,0,0,0,0
122652016,0,0,0,0,0
122652021,0,0,0,0,0
122652026,1,1,0,3,1
122652031,0,0,0,0,0
122652036,0,0,0,0,0
122652041,0,0,0,0,0
122652046,0,0,0,0,0
122652051,0,1,0,3,1
122652056,0,0,0,0,0
122652061,0,0,0,0,0
122652066,0,0,0,0,0
122652071,0,0,0,0,0
122652076,0,1,0,1,1
122652081,0,0,0,0,0
122652086,0,0,0,0,0
122652091,0,0,0,0,0
122652096,0,0,0,0,0
122652101,0,0,0,1,2
122652106,0,0,0,0,0
122652111,0,0,0,0,0
122652116,0,0,0,0,0
122652121,0,0,0,0,0
122652126,0,0,0,1,1
122652131,0,0,0,0,0
122652136,0,0,0,0,0
122652141,0,0,0,0,0
122652146,0,0,0,0,0
122652151,0,0,0,2,1
122652156,0,0,0,0,0
122652161,0,0,0,0,0
122652166,0,0,0,0,0
122652171,0,0,0,0,0
122652176,0,0,0,2,1
122652181,0,0,0,0,0
122652186,0,0,0,0,0
122652191,0,0,0,0,0
122652196,0,0,0,0,0
122652201,0,0,0,1,0
122652206,0,0,0,0,0
122652211,0,0,0,0,0
122652216,0,0,0,0,0
122652221,0,0,0,0,0
122652226,0,0,0,1,0
122652231,0,0,0,0,0
122652236,0,0,0,0,0
122652241,0,0,0,0,0
122652246,0,0,0,0,0
122652251,0,0,0,0,1
122652256,0,0,0,0,0
122652261,0,0,0,0,0
122652266,0,0,0,0,0
122652271,0,0,0,0,0
122652276,1,0,0,0,2
122652281,0,0,0,0,0
122652286,0,0,0,0,0
122652291,0,0,0,0,0
122652296,0,0,0,0,0
122652301,3,0,1,0,1
122652306,0,0,0,0,0
122652311,0,0,0,0,0
122652316,0,0,0,0,0
122652321,0,0,0,0,0
122652326,2,0,1,0,0
122652331,0,0,0,0,0
122652336,0,0,0,0,0
122652341,0,0,0,0,0
122652346,0,0,0,0,0
122652351,0,0,0,0,0
122652356,0,0,0,0,0
122652361,0,0,0,0,0
122652366,0,0,0,0,0
122652371,0,0,0,0,0
122652376,0,0,0,2,1
122652381,0,0,0,0,0
122652386,0,0,0,0,0
122652391,0,0,0,0,0
122652396,0,0,0,0,0
122652401,0,1,1,3,2
122652406,0,0,0,0,0
122652411,0,0,0,0,0
122652416,0,0,0,0,0
122652421,0,0,0,0,0
122652426,1,1,3,4,2
122652431,0,0,0,0,0
122652436,0,0,0,0,0
122652441,0,0,0,0,0
122652446,0,0,0,0,0
122652451,3,0,2,8,3
122652456,0,0,0,0,0
122652461,0,0,0,0,0
122652466,0,0,0,0,0
122652471,0,0,0,0,0
122652476,3,1,3,14,4
122652481,0,0,0,0,0
122652486,0,0,0,0,0
122652491,0,0,0,0,0
122652496,0,0,0,0,0
122652501,1,3,5,27,7
122652506,0,0,0,0,0
122652511,0,0,0,0,0
122652516,0,0,0,0,0
122652521,0,0,0,0,0
122652526,5,2,8,41,13
122652531,0,0,0,0,0
122652536,0,0,0,0,0
122652541,0,0,0,0,0
122652546,0,0,0,0,0
122652551,9,2,8,44,14
122652556,0,0,0,0,0
122652561,0,0,0,0,0
122652566,0,0,0,0,0
122652571,0,0,0,0,0
122652576,8,4,8,49,8
122652581,0,0,0,0,0
122652586,0,0,0,0,0
122652591,0,0,0,0,0
122652596,0,0,0,0,0
122652601,8,4,14,60,7
122652606,0,0,0,0,0
122652611,0,0,0,0,0
122652616,0,0,0,0,0
122652621,0,0,0,0,0
122652626,8,3,13,67,7
122652631,0,0,0,0,0
122652636,0,0,0,0,0
122652641,0,0,0,0,0
122652646,0,0,0,0,0
122652651,9,4,12,85,6
122652656,0,0,0,0,0
122652661,0,0,0,0,0
122652666,0,0,0,0,0
122652671,0,0,0,0,0
122652676,10,4,12,98,8
122652681,0,0,0,0,0
122652686,0,0,0,0,0
122652691,0,0,0,0,0
122652696,0,0,0,0,0
122652701,6,1,7,79,9
122652706,0,0,0,0,0
122652711,0,0,0,0,0
122652716,0,0,0,0,0
122652721,0,0,0,0,0
122652726,1,3,5,63,8
122652731,0,0,0,0,0
122652736,0,0,0,0,0
122652741,0,0,0,0,0
122652746,0,0,0,0,0
122652751,3,4,4,60,9
122652756,0,0,0,0,0
122652761,0,0,0,0,0
122652766,0,0,0,0,0
122652771,0,0,0,0,0
122652776,4,2,2,56,7
122652781,0,0,0,0,0
122652786,0,0,0,0,0
122652791,0,0,0,0,0
122652796,0,0,0,0,0
122652801,2,2,2,51,9
122652806,0,0,0,0,0
122652811,0,0,0,0,0
122652816,0,0,0,0,0
122652821,0,0,0,0,0
122652826,3,1,2,44,16
122652831,0,0,0,0,0
122652836,0,0,0,0,0
122652841,0,0,0,0,0
122652846,0,0,0,0,0
122652851,2,0,0,37,14
122652856,0,0,0,0,0
122652861,0,0,0,0,0
122652866,0,0,0,0,0
122652871,0,0,0,0,0
122652876,1,0,0,41,11
122652881,0,0,0,0,0
122652886,0,0,0,0,0
122652891,0,0,0,0,0
122652896,0,0,0,0,0
122652901,1,0,0,50,13
122652906,0,0,0,0,0
122652911,0,0,0,0,0
122652916,0,0,0,0,0
122652921,0,0,0,0,0
122652926,2,1,1,54,18
122652931,0,0,0,0,0
122652936,0,0,0,0,0
122652941,0,0,0,0,0
122652946,0,0,0,0,0
122652951,6,2,1,65,17
122652956,0,0,0,0,0
122652961,0,0,0,0,0
122652966,0,0,0,0,0
122652971,0,0,0,0,0
122652976,5,3,1,66,11
122652981,0,0,0,0,0
122652986,0,0,0,0,0
122652991,0,0,0,0,0
122652996,0,0,0,0,0
122653001,4,3,5,81,10
122653006,0,0,0,0,0
122653011,0,0,0,0,0
122653016,0,0,0,0,0
122653021,0,0,0,0,0
122653026,5,3,6,91,10
122653031,0,0,0,0,0
122653036,0,0,0,0,0
122653041,0,0,0,0,0
122653046,0,0,0,0,0
122653051,5,3,2,77,12
122653056,0,0,0,0,0
122653061,0,0,0,0,0
122653066,0,0,0,0,0
122653071,0,0,0,0,0
122653076,6,3,0,59,12
122653081,0,0,0,0,0
122653086,0,0,0,0,0
122653091,0,0,0,0,0
122653096,0,0,0,0,0
122653101,6,5,2,56,13
122653106,0,0,0,0,0
122653111,0,0,0,0,0
122653116,0,0,0,0,0
122653121,0,0,0,0,0
122653126,6,3,2,52,7
122653131,0,0,0,0,0
122653136,0,0,0,0,0
122653141,0,0,0,0,0
122653146,0,0,0,0,0
122653151,3,0,0,41,0
122653156,0,0,0,0,0
122653161,0,0,0,0,0
122653166,0,0,0,0,0
122653171,0,0,0,0,0
122653176,1,2,0,24,2
122653181,0,0,0,0,0
122653186,0,0,0,0,0
122653191,0,0,0,0,0
122653196,0,0,0,0,0
122653201,1,3,0,13,6
122653206,0,0,0,0,0
122653211,0,0,0,0,0
122653216,0,0,0,0,0
122653221,0,0,0,0,0
122653226,2,1,0,7,5
122653231,0,0,0,0,0
122653236,0,0,0,0,0
122653241,0,0,0,0,0
122653246,0,0,0,0,0
122653251,3,0,0,4,2
122653256,0,0,0,0,0
122653261,0,0,0,0,0
122653266,0,0,0,0,0
122653271,0,0,0,0,0
122653276,1,0,0,1,1
122653281,0,0,0,0,0
122653286,0,0,0,0,0
122653291,0,0,0,0,0
122653296,0,0,0,0,0
122653301,0,0,0,0,0
122653306,0,0,0,0,0
122653311,0,0,0,0,0
122653316,0,0,0,0,0
122653321,0,0,0,0,0
122653326,0,0,0,0,0
122653331,0,0,0,0,0
122653336,0,0,0,0,0
122653341,0,0,0,0,0
122653346,0,0,0,0,0
122653351,0,0,0,1,1
122653356,0,0,0,0,0
122653361,0,0,0,0,0
122653366,0,0,0,0,0
122653371,0,0,0,0,0
122653376,1,0,0,2,1
122653381,0,0,0,0,0
122653386,0,0,0,0,0
122653391,0,0,0,0,0
122653396,0,0,0,0,0
122653401,1,3,0,1,1
122653406,0,0,0,0,0
122653411,0,0,0,0,0
122653416,0,0,0,0,0
122653421,0,0,0,0,0
122653426,0,4,0,2,2
122653431,0,0,0,0,0
122653436,0,0,0,0,0
122653441,0,0,0,0,0
122653446,0,0,0,0,0
122653451,0,1,0,1,2
122653456,0,0,0,0,0
122653461,0,0,0,0,0
122653466,0,0,0,0,0
122653471,0,0,0,0,0
122653476,1,1,1,2,1
122653481,0,0,0,0,0
122653486,0,0,0,0,0
122653491,0,0,0,0,0
122653496,0,0,0,0,0
122653501,1,2,1,5,1
122653506,0,0,0,0,0
122653511,0,0,0,0,0
122653516,0,0,0,0,0
122653521,0,0,0,0,0
122653526,0,2,1,4,2
122653531,0,0,0,0,0
122653536,0,0,0,0,0
122653541,0,0,0,0,0
122653546,0,0,0,0,0
122653551,0,1,1,1,1
122653556,0,0,0,0,0
122653561,0,0,0,0,0
122653566,0,0,0,0,0
122653571,0,0,0,0,0
122653576,0,0,1,1,0
122653581,0,0,0,0,0
122653586,0,0,0,0,0
122653591,0,0,0,0,0
122653596,0,0,0,0,0
122653601,0,0,2,1,0
122653606,0,0,0,0,0
122653611,0,0,0,0,0
122653616,0,0,0,0,0
122653621,0,0,0,0,0
122653626,1,1,3,1,2
122653631,0,0,0,0,0
122653636,0,0,0,0,0
122653641,0,0,0,0,0
122653646,0,0,0,0,0
122653651,1,1,3,1,2
122653656,0,0,0,0,0
122653661,0,0,0,0,0
122653666,0,0,0,0,0
122653671,0,0,0,0,0
122653676,0,0,1,0,2
122653681,0,0,0,0,0
122653686,0,0,0,0,0
122653691,0,0,0,0,0
122653696,0,0,0,0,0
122653701,1,0,0,0,1
122653706,0,0,0,0,0
122653711,0,0,0,0,0
122653716,0,0,0,0,0
122653721,0,0,0,0,0
122653726,1,0,0,0,0
122653731,0,0,0,0,0
122653736,0,0,0,0,0
122653741,0,0,0,0,0
122653746,0,0,0,0,0
122653751,1,0,0,1,0
122653756,0,0,0,0,0
122653761,0,0,0,0,0
122653766,0,0,0,0,0
122653771,0,0,0,0,0
122653776,1,0,0,2,1
122653781,0,0,0,0,0
122653786,0,0,0,0,0
122653791,0,0,0,0,0
122653796,0,0,0,0,0
122653801,0,0,0,3,2
122653806,0,0,0,0,0
122653811,0,0,0,0,0
122653816,0,0,0,0,0
122653821,0,0,0,0,0
122653826,0,0,0,3,1
122653831,0,0,0,0,0
122653836,0,0,0,0,0
122653841,0,0,0,0,0
122653846,0,0,0,0,0
122653851,0,0,1,3,1
122653856,0,0,0,0,0
122653861,0,0,0,0,0
122653866,0,0,0,0,0
122653871,0,0,0,0,0
122653876,0,0,1,2,2
122653881,0,0,0,0,0
122653886,0,0,0,0,0
122653891,0,0,0,0,0
122653896,0,0,0,0,0
122653901,0,0,0,2,3
122653906,0,0,0,0,0
122653911,0,0,0,0,0
122653916,0,0,0,0,0
122653921,0,0,0,0,0
122653926,1,0,0,2,1
122653931,0,0,0,0,0
122653936,0,0,0,0,0
122653941,0,0,0,0,0
122653946,0,0,0,0,0
122653951,1,0,2,0,1
122653956,0,0,0,0,0
122653961,0,0,0,0,0
122653966,0,0,0,0,0
122653971,0,0,0,0,0
122653976,1,0,2,0,1
122653981,0,0,0,0,0
122653986,0,0,0,0,0
122653991,0,0,0,0,0
122653996,0,0,0,0,0
122654001,1,0,0,0,1
122654006,0,0,0,0,0
122654011,0,0,0,0,0
122654016,0,0,0,0,0
122654021,0,0,0,0,0
122654026,0,0,0,0,1
122654031,0,0,0,0,0
122654036,0,0,0,0,0
122654041,0,0,0,0,0
122654046,0,0,0,0,0
122654051,0,1,0,2,0
122654056,0,0,0,0,0
122654061,0,0,0,0,0
122654066,0,0,0,0,0
122654071,0,0,0,0,0
122654076,0,3,0,2,1
122654081,0,0,0,0,0
122654086,0,0,0,0,0
122654091,0,0,0,0,0
122654096,0,0,0,0,0
122654101,0,2,0,0,2
122654106,0,0,0,0,0
122654111,0,0,0,0,0
122654116,0,0,0,0,0
122654121,0,0,0,0,0
122654126,0,0,0,1,1
122654131,0,0,0,0,0
122654136,0,0,0,0,0
122654141,0,0,0,0,0
122654146,0,0,0,0,0
122654151,0,0,0,1,0
122654156,0,0,0,0,0
122654161,0,0,0,0,0
122654166,0,0,0,0,0
122654171,0,0,0,0,0
122654176,0,0,1,1,0
122654181,0,0,0,0,0
122654186,0,0,0,0,0
122654191,0,0,0,0,0
122654196,0,0,0,0,0
122654201,0,0,1,1,1
122654206,0,0,0,0,0
122654211,0,0,0,0,0
122654216,0,0,0,0,0
122654221,0,0,0,0,0
122654226,1,1,0,0,2
122654231,0,0,0,0,0
122654236,0,0,0,0,0
122654241,0,0,0,0,0
122654246,0,0,0,0,0
122654251,1,1,1,0,1
122654256,0,0,0,0,0
122654261,0,0,0,0,0
122654266,0,0,0,0,0
122654271,0,0,0,0,0
122654276,0,0,1,0,0
122654281,0,0,0,0,0
122654286,0,0,0,0,0
122654291,0,0,0,0,0
122654296,0,0,0,0,0
122654301,0,1,0,1,1
122654306,0,0,0,0,0
122654311,0,0,0,0,0
122654316,0,0,0,0,0
122654321,0,0,0,0,0
122654326,0,1,0,1,1
122654331,0,0,0,0,0
122654336,0,0,0,0,0
122654341,0,0,0,0,0
122654346,0,0,0,0,0
122654351,0,0,0,1,0
122654356,0,0,0,0,0
122654361,0,0,0,0,0
122654366,0,0,0,0,0
122654371,0,0,0,0,0
122654376,0,0,0,1,0
122654381,0,0,0,0,0
122654386,0,0,0,0,0
122654391,0,0,0,0,0
122654396,0,0,0,0,0
122654401,0,1,0,0,0
122654406,0,0,0,0,0
122654411,0,0,0,0,0
122654416,0,0,0,0,0
122654421,0,0,0,0,0
122654426,0,2,0,0,0
122654431,0,0,0,0,0
122654436,0,0,0,0,0
122654441,0,0,0,0,0
122654446,0,0,0,0,0
122654451,0,1,0,0,1
122654456,0,0,0,0,0
122654461,0,0,0,0,0
122654466,0,0,0,0,0
122654471,0,0,0,0,0
122654476,0,0,0,0,1
122654481,0,0,0,0,0
122654486,0,0,0,0,0
122654491,0,0,0,0,0
122654496,0,0,0,0,0
122654501,0,0,0,0,0
122654506,0,0,0,0,0
122654511,0,0,0,0,0
122654516,0,0,0,0,0
122654521,0,0,0,0,0
122654526,0,0,0,1,0
122654531,0,0,0,0,0
122654536,0,0,0,0,0
122654541,0,0,0,0,0
122654546,0,0,0,0,0
122654551,0,0,0,1,0
122654556,0,0,0,0,0
122654561,0,0,0,0,0
122654566,0,0,0,0,0
122654571,0,0,0,0,0
122654576,0,0,0,0,0
122654581,0,0,0,0,0
122654586,0,0,0,0,0
122654591,0,0,0,0,0
122654596,0,0,0,0,0
122654601,0,0,0,0,0
122654606,0,0,0,0,0
122654611,0,0,0,0,0
122654616,0,0,0,0,0
122654621,0,0,0,0,0
122654626,0,0,0,0,0
122654631,0,0,0,0,0
122654636,0,0,0,0,0
122654641,0,0,0,0,0
122654646,0,0,0,0,0
122654651,0,0,0,0,0
122654656,0,0,0,0,0
122654661,0,0,0,0,0
122654666,0,0,0,0,0
122654671,0,0,0,0,0
122654676,0,0,0,0,0
122654681,0,0,0,0,0
122654686,0,0,0,0,0
122654691,0,0,0,0,0
122654696,0,0,0,0,0
122654701,0,0,0,0,0
122654706,0,0,0,0,0
122654711,0,0,0,0,0
122654716,0,0,0,0,0
122654721,0,0,0,0,0
122654726,0,0,0,0,0
122654731,0,0,0,0,0
122654736,0,0,0,0,0
122654741,0,0,0,0,0
122654746,0,0,0,0,0
122654751,0,0,0,0,0
122654756,0,0,0,0,0
122654761,0,0,0,0,0
122654766,0,0,0,0,0
122654771,0,0,0,0,0
122654776,0,0,0,0,0
122654781,0,0,0,0,0
122654786,0,0,0,0,0
122654791,0,0,0,0,0
122654796,0,0,0,0,0
122654801,0,0,0,0,0
122654806,0,0,0,0,0
122654811,0,0,0,0,0
122654816,0,0,0,0,0
122654821,0,0,0,0,0
122654826,0,0,0,0,0
122654831,0,0,0,0,0
122654836,0,0,0,0,0
122654841,0,0,0,0,0
122654846,0,0,0,0,0
122654851,0,0,0,0,0
122654856,0,0,0,0,0
122654861,0,0,0,0,0
122654866,0,0,0,0,0
122654871,0,0,0,0,0
122654876,0,0,0,0,0
122654881,0,0,0,0,0
122654886,0,0,0,0,0
122654891,0,0,0,0,0
122654896,0,0,0,0,0
122654901,0,0,0,0,0
122654906,0,0,0,0,0
122654911,0,0,0,0,0
122654916,0,0,0,0,0
122654921,0,0,0,0,0
122654926,0,0,0,0,0
122654931,0,0,0,0,0
122654936,0,0,0,0,0
122654941,0,0,0,0,0
122654946,0,0,0,0,0
122654951,0,0,0,0,0
122654956,0,0,0,0,0
122654961,0,0,0,0,0
122654966,0,0,0,0,0
122654971,0,0,0,0,0
122654976,0,0,1,0,0
122654981,0,0,0,0,0
122654986,0,0,0,0,0
122654991,0,0,0,0,0
122654996,0,0,0,0,0
122655001,0,0,1,0,0
122655006,0,0,0,0,0
122655011,0,0,0,0,0
122655016,0,0,0,0,0
122655021,0,0,0,0,0
122655026,0,0,0,0,0
122655031,0,0,0,0,0
122655036,0,0,0,0,0
122655041,0,0,0,0,0
122655046,0,0,0,0,0
122655051,0,0,0,0,0
122655056,0,0,0,0,0
122655061,0,0,0,0,0
122655066,0,0,0,0,0
122655071,0,0,0,0,0
122655076,0,0,0,0,0
122655081,0,0,0,0,0
122655086,0,0,0,0,0
122655091,0,0,0,0,0
122655096,0,0,0,0,0
122655101,0,0,0,0,0
122655106,0,0,0,0,0
122655111,0,0,0,0,0
122655116,0,0,0,0,0
122655121,0,0,0,0,0
122655126,1,1,0,0,0
122655131,0,0,0,0,0
122655136,0,0,0,0,0
122655141,0,0,0,0,0
122655146,0,0,0,0,0
122655151,1,1,0,1,1
122655156,0,0,0,0,0
122655161,0,0,0,0,0
122655166,0,0,0,0,0
122655171,0,0,0,0,0
122655176,0,0,1,1,1
122655181,0,0,0,0,0
122655186,0,0,0,0,0
122655191,0,0,0,0,0
122655196,0,0,0,0,0
122655201,0,0,1,1,0
122655206,0,0,0,0,0
122655211,0,0,0,0,0
122655216,0,0,0,0,0
122655221,0,0,0,0,0
122655226,0,0,0,0,0
122655231,0,0,0,0,0
122655236,0,0,0,0,0
122655241,0,0,0,0,0
122655246,0,0,0,0,0
122655251,0,0,0,0,0
122655256,0,0,0,0,0
122655261,0,0,0,0,0
122655266,0,0,0,0,0
122655271,0,0,0,0,0
122655276,0,0,0,0,1
122655281,0,0,0,0,0
122655286,0,0,0,0,0
122655291,0,0,0,0,0
122655296,0,0,0,0,0
122655301,1,0,0,2,5
122655306,0,0,0,0,0
122655311,0,0,0,0,0
122655316,0,0,0,0,0
122655321,0,0,0,0,0
122655326,1,0,0,3,6
122655331,0,0,0,0,0
122655336,0,0,0,0,0
122655341,0,0,0,0,0
122655346,0,0,0,0,0
122655351,1,0,0,6,5
122655356,0,0,0,0,0
122655361,0,0,0,0,0
122655366,0,0,0,0,0
122655371,0,0,0,0,0
122655376,3,0,0,13,9
122655381,0,0,0,0,0
122655386,0,0,0,0,0
122655391,0,0,0,0,0
122655396,0,0,0,0,0
122655401,5,0,1,10,7
122655406,0,0,0,0,0
122655411,0,0,0,0,0
122655416,0,0,0,0,0
122655421,0,0,0,0,0
122655426,5,0,1,3,3
122655431,0,0,0,0,0
122655436,0,0,0,0,0
122655441,0,0,0,0,0
122655446,0,0,0,0,0
122655451,1,0,0,1,1
122655456,0,0,0,0,0
122655461,0,0,0,0,0
122655466,0,0,0,0,0
122655471,0,0,0,0,0
122655476,0,0,0,0,0
122655481,0,0,0,0,0
122655486,0,0,0,0,0
122655491,0,0,0,0,0
122655496,0,0,0,0,0
122655501,0,0,0,0,0
122655506,0,0,0,0,0
122655511,0,0,0,0,0
122655516,0,0,0,0,0
122655521,0,0,0,0,0
122655526,0,0,0,0,0
122655531,0,0,0,0,0
122655536,0,0,0,0,0
122655541,0,0,0,0,0
122655546,0,0,0,0,0
122655551,0,0,0,0,0
122655556,0,0,0,0,0
122655561,0,0,0,0,0
122655566,0,0,0,0,0
122655571,0,0,0,0,0
122655576,0,0,0,0,0
122655581,0,0,0,0,0
122655586,0,0,0,0,0
122655591,0,0,0,0,0
122655596,0,0,0,0,0
122655601,0,0,0,0,0
122655606,0,0,0,0,0
122655611,0,0,0,0,0
122655616,0,0,0,0,0
122655621,0,0,0,0,0
122655626,0,0,0,2,0
122655631,0,0,0,0,0
122655636,0,0,0,0,0
122655641,0,0,0,0,0
122655646,0,0,0,0,0
122655651,0,0,0,2,0
122655656,0,0,0,0,0
122655661,0,0,0,0,0
122655666,0,0,0,0,0
122655671,0,0,0,0,0
122655676,0,1,0,0,0
122655681,0,0,0,0,0
122655686,0,0,0,0,0
122655691,0,0,0,0,0
122655696,0,0,0,0,0
122655701,0,1,0,0,0
122655706,0,0,0,0,0
122655711,0,0,0,0,0
122655716,0,0,0,0,0
122655721,0,0,0,0,0
122655726,0,0,0,1,0
122655731,0,0,0,0,0
122655736,0,0,0,0,0
122655741,0,0,0,0,0
122655746,0,0,0,0,0
122655751,0,0,0,2,1
122655756,0,0,0,0,0
122655761,0,0,0,0,0
122655766,0,0,0,0,0
122655771,0,0,0,0,0
122655776,0,0,0,1,2
122655781,0,0,0,0,0
122655786,0,0,0,0,0
122655791,0,0,0,0,0
122655796,0,0,0,0,0
122655801,0,0,1,0,1
122655806,0,0,0,0,0
122655811,0,0,0,0,0
122655816,0,0,0,0,0
122655821,0,0,0,0,0
122655826,0,0,1,0,0
122655831,0,0,0,0,0
122655836,0,0,0,0,0
122655841,0,0,0,0,0
122655846,0,0,0,0,0
122655851,0,0,1,0,0
122655856,0,0,0,0,0
122655861,0,0,0,0,0
122655866,0,0,0,0,0
122655871,0,0,0,0,0
122655876,0,0,2,0,0
122655881,0,0,0,0,0
122655886,0,0,0,0,0
122655891,0,0,0,0,0
122655896,0,0,0,0,0
122655901,0,0,1,0,0
122655906,0,0,0,0,0
122655911,0,0,0,0,0
122655916,0,0,0,0,0
122655921,0,0,0,0,0
122655926,0,0,0,0,0
122655931,0,0,0,0,0
122655936,0,0,0,0,0
122655941,0,0,0,0,0
122655946,0,0,0,0,0
122655951,0,1,1,1,0
122655956,0,0,0,0,0
122655961,0,0,0,0,0
122655966,0,0,0,0,0
122655971,0,0,0,0,0
122655976,0,1,1,2,0
122655981,0,0,0,0,0
122655986,0,0,0,0,0
122655991,0,0,0,0,0
122655996,0,0,0,0,0
122656001,0,0,0,1,0
122656006,0,0,0,0,0
122656011,0,0,0,0,0
122656016,0,0,0,0,0
122656021,0,0,0,0,0
122656026,0,0,0,1,0
122656031,0,0,0,0,0
122656036,0,0,0,0,0
122656041,0,0,0,0,0
122656046,0,0,0,0,0
122656051,1,1,0,2,0
122656056,0,0,0,0,0
122656061,0,0,0,0,0
122656066,0,0,0,0,0
122656071,0,0,0,0,0
122656076,1,1,2,1,0
122656081,0,0,0,0,0
122656086,0,0,0,0,0
122656091,0,0,0,0,0
122656096,0,0,0,0,0
122656101,3,1,3,0,0
122656106,0,0,0,0,0
122656111,0,0,0,0,0
122656116,0,0,0,0,0
122656121,0,0,0,0,0
122656126,3,1,1,1,1
122656131,0,0,0,0,0
122656136,0,0,0,0,0
122656141,0,0,0,0,0
122656146,0,0,0,0,0
122656151,0,1,0,1,1
122656156,0,0,0,0,0
122656161,0,0,0,0,0
122656166,0,0,0,0,0
122656171,0,0,0,0,0
122656176,0,0,0,0,0
122656181,0,0,0,0,0
122656186,0,0,0,0,0
122656191,0,0,0,0,0
122656196,0,0,0,0,0
122656201,0,0,0,0,1
122656206,0,0,0,0,0
122656211,0,0,0,0,0
122656216,0,0,0,0,0
122656221,0,0,0,0,0
122656226,0,0,0,0,1
122656231,0,0,0,0,0
122656236,0,0,0,0,0
122656241,0,0,0,0,0
122656246,0,0,0,0,0
122656251,1,0,1,0,0
122656256,0,0,0,0,0
122656261,0,0,0,0,0
122656266,0,0,0,0,0
122656271,0,0,0,0,0
122656276,1,0,1,1,0
122656281,0,0,0,0,0
122656286,0,0,0,0,0
122656291,0,0,0,0,0
122656296,0,0,0,0,0
122656301,0,0,0,1,0
122656306,0,0,0,0,0
122656311,0,0,0,0,0
122656316,0,0,0,0,0
122656321,0,0,0,0,0
122656326,0,0,0,0,0
122656331,0,0,0,0,0
122656336,0,0,0,0,0
122656341,0,0,0,0,0
122656346,0,0,0,0,0
122656351,0,0,0,1,1
122656356,0,0,0,0,0
122656361,0,0,0,0,0
122656366,0,0,0,0,0
122656371,0,0,0,0,0
122656376,0,0,1,1,1
122656381,0,0,0,0,0
122656386,0,0,0,0,0
122656391,0,0,0,0,0
122656396,0,0,0,0,0
122656401,1,0,2,0,0
122656406,0,0,0,0,0
122656411,0,0,0,0,0
122656416,0,0,0,0,0
122656421,0,0,0,0,0
122656426,1,1,1,1,0
122656431,0,0,0,0,0
122656436,0,0,0,0,0
122656441,0,0,0,0,0
122656446,0,0,0,0,0
122656451,0,1,0,1,2
122656456,0,0,0,0,0
122656461,0,0,0,0,0
122656466,0,0,0,0,0
122656471,0,0,0,0,0
122656476,0,1,0,0,2
122656481,0,0,0,0,0
122656486,0,0,0,0,0
122656491,0,0,0,0,0
122656496,0,0,0,0,0
122656501,0,0,0,2,0
122656506,0,0,0,0,0
122656511,0,0,0,0,0
122656516,0,0,0,0,0
122656521,0,0,0,0,0
122656526,0,1,0,4,0
122656531,0,0,0,0,0
122656536,0,0,0,0,0
122656541,0,0,0,0,0
122656546,0,0,0,0,0
122656551,0,2,0,3,0
122656556,0,0,0,0,0
122656561,0,0,0,0,0
122656566,0,0,0,0,0
122656571,0,0,0,0,0
122656576,0,1,0,3,0
122656581,0,0,0,0,0
122656586,0,0,0,0,0
122656591,0,0,0,0,0
122656596,0,0,0,0,0
122656601,1,0,0,7,2
122656606,0,0,0,0,0
122656611,0,0,0,0,0
122656616,0,0,0,0,0
122656621,0,0,0,0,0
122656626,1,0,0,8,3
122656631,0,0,0,0,0
122656636,0,0,0,0,0
122656641,0,0,0,0,0
122656646,0,0,0,0,0
122656651,0,0,0,3,1
122656656,0,0,0,0,0
122656661,0,0,0,0,0
122656666,0,0,0,0,0
122656671,0,0,0,0,0
122656676,0,0,2,1,0
122656681,0,0,0,0,0
122656686,0,0,0,0,0
122656691,0,0,0,0,0
122656696,0,0,0,0,0
122656701,1,1,2,0,0
122656706,0,0,0,0,0
122656711,0,0,0,0,0
122656716,0,0,0,0,0
122656721,0,0,0,0,0
122656726,1,1,1,1,0
122656731,0,0,0,0,0
122656736,0,0,0,0,0
122656741,0,0,0,0,0
122656746,0,0,0,0,0
122656751,0,0,0,1,0
122656756,0,0,0,0,0
122656761,0,0,0,0,0
122656766,0,0,0,0,0
122656771,0,0,0,0,0
122656776,0,0,0,0,0
122656781,0,0,0,0,0
122656786,0,0,0,0,0
122656791,0,0,0,0,0
122656796,0,0,0,0,0
122656801,0,0,2,1,1
122656806,0,0,0,0,0
122656811,0,0,0,0,0
122656816,0,0,0,0,0
122656821,0,0,0,0,0
122656826,1,0,2,1,1
122656831,0,0,0,0,0
122656836,0,0,0,0,0
122656841,0,0,0,0,0
122656846,0,0,0,0,0
122656851,1,0,0,0,0
122656856,0,0,0,0,0
122656861,0,0,0,0,0
122656866,0,0,0,0,0
122656871,0,0,0,0,0
122656876,0,0,1,1,0
122656881,0,0,0,0,0
122656886,0,0,0,0,0
122656891,0,0,0,0,0
122656896,0,0,0,0,0
122656901,1,0,1,1,0
122656906,0,0,0,0,0
122656911,0,0,0,0,0
122656916,0,0,0,0,0
122656921,0,0,0,0,0
122656926,1,0,0,0,0
122656931,0,0,0,0,0
122656936,0,0,0,0,0
122656941,0,0,0,0,0
122656946,0,0,0,0,0
122656951,0,0,1,1,0
122656956,0,0,0,0,0
122656961,0,0,0,0,0
122656966,0,0,0,0,0
122656971,0,0,0,0,0
122656976,0,0,1,2,1
122656981,0,0,0,0,0
122656986,0,0,0,0,0
122656991,0,0,0,0,0
122656996,0,0,0,0,0
122657001,0,0,0,1,2
122657006,0,0,0,0,0
122657011,0,0,0,0,0
122657016,0,0,0,0,0
122657021,0,0,0,0,0
122657026,0,0,0,0,3
122657031,0,0,0,0,0
122657036,0,0,0,0,0
122657041,0,0,0,0,0
122657046,0,0,0,0,0
122657051,0,0,0,0,2
122657056,0,0,0,0,0
122657061,0,0,0,0,0
122657066,0,0,0,0,0
122657071,0,0,0,0,0
122657076,1,1,0,0,3
122657081,0,0,0,0,0
122657086,0,0,0,0,0
122657091,0,0,0,0,0
122657096,0,0,0,0,0
122657101,2,3,0,0,4
122657106,0,0,0,0,0
122657111,0,0,0,0,0
122657116,0,0,0,0,0
122657121,0,0,0,0,0
122657126,2,2,0,0,5
122657131,0,0,0,0,0
122657136,0,0,0,0,0
122657141,0,0,0,0,0
122657146,0,0,0,0,0
122657151,3,0,0,0,8
122657156,0,0,0,0,0
122657161,0,0,0,0,0
122657166,0,0,0,0,0
122657171,0,0,0,0,0
122657176,2,1,0,0,7
122657181,0,0,0,0,0
122657186,0,0,0,0,0
122657191,0,0,0,0,0
122657196,0,0,0,0,0
122657201,0,2,0,1,6
122657206,0,0,0,0,0
122657211,0,0,0,0,0
122657216,0,0,0,0,0
122657221,0,0,0,0,0
122657226,1,1,1,1,6
122657231,0,0,0,0,0
122657236,0,0,0,0,0
122657241,0,0,0,0,0
122657246,0,0,0,0,0
122657251,1,1,1,1,8
122657256,0,0,0,0,0
122657261,0,0,0,0,0
122657266,0,0,0,0,0
122657271,0,0,0,0,0
122657276,0,1,0,1,9
122657281,0,0,0,0,0
122657286,0,0,0,0,0
122657291,0,0,0,0,0
122657296,0,0,0,0,0
122657301,1,1,2,1,8
122657306,0,0,0,0,0
122657311,0,0,0,0,0
122657316,0,0,0,0,0
122657321,0,0,0,0,0
122657326,2,1,2,2,7
122657331,0,0,0,0,0
122657336,0,0,0,0,0
122657341,0,0,0,0,0
122657346,0,0,0,0,0
122657351,2,0,1,3,8
122657356,0,0,0,0,0
122657361,0,0,0,0,0
122657366,0,0,0,0,0
122657371,0,0,0,0,0
122657376,1,1,3,6,15
122657381,0,0,0,0,0
122657386,0,0,0,0,0
122657391,0,0,0,0,0
122657396,0,0,0,0,0
122657401,0,6,3,6,16
122657406,0,0,0,0,0
122657411,0,0,0,0,0
122657416,0,0,0,0,0
122657421,0,0,0,0,0
122657426,0,5,2,3,14
122657431,0,0,0,0,0
122657436,0,0,0,0,0
122657441,0,0,0,0,0
122657446,0,0,0,0,0
122657451,1,1,2,4,15
122657456,0,0,0,0,0
122657461,0,0,0,0,0
122657466,0,0,0,0,0
122657471,0,0,0,0,0
122657476,3,2,3,5,11
122657481,0,0,0,0,0
122657486,0,0,0,0,0
122657491,0,0,0,0,0
122657496,0,0,0,0,0
122657501,5,2,2,4,7
122657506,0,0,0,0,0
122657511,0,0,0,0,0
122657516,0,0,0,0,0
122657521,0,0,0,0,0
122657526,5,2,0,4,7
122657531,0,0,0,0,0
122657536,0,0,0,0,0
122657541,0,0,0,0,0
122657546,0,0,0,0,0
122657551,4,3,0,2,8
122657556,0,0,0,0,0
122657561,0,0,0,0,0
122657566,0,0,0,0,0
122657571,0,0,0,0,0
122657576,7,2,0,1,8
122657581,0,0,0,0,0
122657586,0,0,0,0,0
122657591,0,0,0,0,0
122657596,0,0,0,0,0
122657601,5,0,0,3,5
122657606,0,0,0,0,0
122657611,0,0,0,0,0
122657616,0,0,0,0,0
122657621,0,0,0,0,0
122657626,1,0,0,2,2
122657631,0,0,0,0,0
122657636,0,0,0,0,0
122657641,0,0,0,0,0
122657646,0,0,0,0,0
122657651,2,0,1,0,3
122657656,0,0,0,0,0
122657661,0,0,0,0,0
122657666,0,0,0,0,0
122657671,0,0,0,0,0
122657676,2,0,2,1,3
122657681,0,0,0,0,0
122657686,0,0,0,0,0
122657691,0,0,0,0,0
122657696,0,0,0,0,0
122657701,1,0,2,1,2
122657706,0,0,0,0,0
122657711,0,0,0,0,0
122657716,0,0,0,0,0
122657721,0,0,0,0,0
122657726,0,1,1,0,1
122657731,0,0,0,0,0
122657736,0,0,0,0,0
122657741,0,0,0,0,0
122657746,0,0,0,0,0
122657751,1,1,1,1,0
122657756,0,0,0,0,0
122657761,0,0,0,0,0
122657766,0,0,0,0,0
122657771,0,0,0,0,0
122657776,1,1,3,2,1
122657781,0,0,0,0,0
122657786,0,0,0,0,0
122657791,0,0,0,0,0
122657796,0,0,0,0,0
122657801,2,1,2,2,1
122657806,0,0,0,0,0
122657811,0,0,0,0,0
122657816,0,0,0,0,0
122657821,0,0,0,0,0
122657826,2,1,0,1,1
122657831,0,0,0,0,0
122657836,0,0,0,0,0
122657841,0,0,0,0,0
122657846,0,0,0,0,0
122657851,1,0,2,1,1
122657856,0,0,0,0,0
122657861,0,0,0,0,0
122657866,0,0,0,0,0
122657871,0,0,0,0,0
122657876,1,0,2,1,0
122657881,0,0,0,0,0
122657886,0,0,0,0,0
122657891,0,0,0,0,0
122657896,0,0,0,0,0
122657901,0,0,1,2,1
122657906,0,0,0,0,0
122657911,0,0,0,0,0
122657916,0,0,0,0,0
122657921,0,0,0,0,0
122657926,0,0,1,1,1
122657931,0,0,0,0,0
122657936,0,0,0,0,0
122657941,0,0,0,0,0
122657946,0,0,0,0,0
122657951,0,0,0,0,1
122657956,0,0,0,0,0
122657961,0,0,0,0,0
122657966,0,0,0,0,0
122657971,0,0,0,0,0
122657976,0,0,0,0,1
122657981,0,0,0,0,0
122657986,0,0,0,0,0
122657991,0,0,0,0,0
122657996,0,0,0,0,0
122658001,0,1,0,1,0
122658006,0,0,0,0,0
122658011,0,0,0,0,0
122658016,0,0,0,0,0
122658021,0,0,0,0,0
122658026,1,1,0,1,0
122658031,0,0,0,0,0
122658036,0,0,0,0,0
122658041,0,0,0,0,0
122658046,0,0,0,0,0
122658051,2,0,0,0,1
122658056,0,0,0,0,0
122658061,0,0,0,0,0
122658066,0,0,0,0,0
122658071,0,0,0,0,0
122658076,1,0,0,0,1
122658081,0,0,0,0,0
122658086,0,0,0,0,0
122658091,0,0,0,0,0
122658096,0,0,0,0,0
122658101,0,0,0,0,0
122658106,0,0,0,0,0
122658111,0,0,0,0,0
122658116,0,0,0,0,0
122658121,0,0,0,0,0
122658126,0,0,0,1,0
122658131,0,0,0,0,0
122658136,0,0,0,0,0
122658141,0,0,0,0,0
122658146,0,0,0,0,0
122658151,1,1,0,1,1
122658156,0,0,0,0,0
122658161,0,0,0,0,0
122658166,0,0,0,0,0
122658171,0,0,0,0,0
122658176,2,1,0,0,1
122658181,0,0,0,0,0
122658186,0,0,0,0,0
122658191,0,0,0,0,0
122658196,0,0,0,0,0
122658201,1,0,0,0,1
122658206,0,0,0,0,0
122658211,0,0,0,0,0
122658216,0,0,0,0,0
122658221,0,0,0,0,0
122658226,0,0,0,0,1
122658231,0,0,0,0,0
122658236,0,0,0,0,0
122658241,0,0,0,0,0
122658246,0,0,0,0,0
122658251,0,1,0,0,0
122658256,0,0,0,0,0
122658261,0,0,0,0,0
122658266,0,0,0,0,0
122658271,0,0,0,0,0
122658276,0,1,0,0,0
122658281,0,0,0,0,0
122658286,0,0,0,0,0
122658291,0,0,0,0,0
122658296,0,0,0,0,0
122658301,0,0,0,0,0
122658306,0,0,0,0,0
122658311,0,0,0,0,0
122658316,0,0,0,0,0
122658321,0,0,0,0,0
122658326,0,0,1,0,0
122658331,0,0,0,0,0
122658336,0,0,0,0,0
122658341,0,0,0,0,0
122658346,0,0,0,0,0
122658351,0,0,1,0,0
122658356,0,0,0,0,0
122658361,0,0,0,0,0
122658366,0,0,0,0,0
122658371,0,0,0,0,0
122658376,0,0,1,0,1
122658381,0,0,0,0,0
122658386,0,0,0,0,0
122658391,0,0,0,0,0
122658396,0,0,0,0,0
122658401,0,0,1,0,1
122658406,0,0,0,0,0
122658411,0,0,0,0,0
122658416,0,0,0,0,0
122658421,0,0,0,0,0
122658426,0,2,0,0,0
122658431,0,0,0,0,0
122658436,0,0,0,0,0
122658441,0,0,0,0,0
122658446,0,0,0,0,0
122658451,0,5,1,0,0
122658456,0,0,0,0,0
122658461,0,0,0,0,0
122658466,0,0,0,0,0
122658471,0,0,0,0,0
122658476,2,3,2,0,0
122658481,0,0,0,0,0
122658486,0,0,0,0,0
122658491,0,0,0,0,0
122658496,0,0,0,0,0
122658501,2,0,1,1,0
122658506,0,0,0,0,0
122658511,0,0,0,0,0
122658516,0,0,0,0,0
122658521,0,0,0,0,0
122658526,1,0,0,1,0
122658531,0,0,0,0,0
122658536,0,0,0,0,0
122658541,0,0,0,0,0
122658546,0,0,0,0,0
122658551,0,0,1,0,0
122658556,0,0,0,0,0
122658561,0,0,0,0,0
122658566,0,0,0,0,0
122658571,0,0,0,0,0
122658576,0,0,1,1,0
122658581,0,0,0,0,0
122658586,0,0,0,0,0
122658591,0,0,0,0,0
122658596,0,0,0,0,0
122658601,1,0,2,2,0
122658606,0,0,0,0,0
122658611,0,0,0,0,0
122658616,0,0,0,0,0
122658621,0,0,0,0,0
122658626,1,0,3,1,0
122658631,0,0,0,0,0
122658636,0,0,0,0,0
122658641,0,0,0,0,0
122658646,0,0,0,0,0
122658651,1,0,1,0,0
122658656,0,0,0,0,0
122658661,0,0,0,0,0
122658666,0,0,0,0,0
122658671,0,0,0,0,0
122658676,1,0,0,0,1
122658681,0,0,0,0,0
122658686,0,0,0,0,0
122658691,0,0,0,0,0
122658696,0,0,0,0,0
122658701,0,0,0,0,1
122658706,0,0,0,0,0
122658711,0,0,0,0,0
122658716,0,0,0,0,0
122658721,0,0,0,0,0
122658726,0,0,1,0,0
122658731,0,0,0,0,0
122658736,0,0,0,0,0
122658741,0,0,0,0,0
122658746,0,0,0,0,0
122658751,0,0,1,0,0
122658756,0,0,0,0,0
122658761,0,0,0,0,0
122658766,0,0,0,0,0
122658771,0,0,0,0,0
122658776,0,0,0,0,0
122658781,0,0,0,0,0
122658786,0,0,0,0,0
122658791,0,0,0,0,0
122658796,0,0,0,0,0
122658801,0,0,0,0,0
122658806,0,0,0,0,0
122658811,0,0,0,0,0
122658816,0,0,0,0,0
122658821,0,0,0,0,0
122658826,0,0,0,0,0
122658831,0,0,0,0,0
122658836,0,0,0,0,0
122658841,0,0,0,0,0
122658846,0,0,0,0,0
122658851,0,0,0,0,0
122658856,0,0,0,0,0
122658861,0,0,0,0,0
122658866,0,0,0,0,0
122658871,0,0,0,0,0
122658876,0,1,1,0,0
122658881,0,0,0,0,0
122658886,0,0,0,0,0
122658891,0,0,0,0,0
122658896,0,0,0,0,0
122658901,0,2,4,0,0
122658906,0,0,0,0,0
122658911,0,0,0,0,0
122658916,0,0,0,0,0
122658921,0,0,0,0,0
122658926,0,1,3,1,0
122658931,0,0,0,0,0
122658936,0,0,0,0,0
122658941,0,0,0,0,0
122658946,0,0,0,0,0
122658951,0,1,0,2,0
122658956,0,0,0,0,0
122658961,0,0,0,0,0
122658966,0,0,0,0,0
122658971,0,0,0,0,0
122658976,0,1,1,2,0
122658981,0,0,0,0,0
122658986,0,0,0,0,0
122658991,0,0,0,0,0
122658996,0,0,0,0,0
122659001,1,2,1,1,1
122659006,0,0,0,0,0
122659011,0,0,0,0,0
122659016,0,0,0,0,0
122659021,0,0,0,0,0
122659026,1,2,0,0,1
122659031,0,0,0,0,0
122659036,0,0,0,0,0
122659041,0,0,0,0,0
122659046,0,0,0,0,0
122659051,0,0,0,1,0
122659056,0,0,0,0,0
122659061,0,0,0,0,0
122659066,0,0,0,0,0
122659071,0,0,0,0,0
122659076,1,0,0,1,0
122659081,0,0,0,0,0
122659086,0,0,0,0,0
122659091,0,0,0,0,0
122659096,0,0,0,0,0
122659101,1,0,0,0,1
122659106,0,0,0,0,0
122659111,0,0,0,0,0
122659116,0,0,0,0,0
122659121,0,0,0,0,0
122659126,0,0,0,0,1
122659131,0,0,0,0,0
122659136,0,0,0,0,0
122659141,0,0,0,0,0
122659146,0,0,0,0,0
122659151,0,0,0,0,1
122659156,0,0,0,0,0
122659161,0,0,0,0,0
122659166,0,0,0,0,0
122659171,0,0,0,0,0
122659176,0,0,1,1,2
122659181,0,0,0,0,0
122659186,0,0,0,0,0
122659191,0,0,0,0,0
122659196,0,0,0,0,0
122659201,1,1,1,1,1
122659206,0,0,0,0,0
122659211,0,0,0,0,0
122659216,0,0,0,0,0
122659221,0,0,0,0,0
122659226,1,1,1,0,0
122659231,0,0,0,0,0
122659236,0,0,0,0,0
122659241,0,0,0,0,0
122659246,0,0,0,0,0
122659251,0,0,1,0,0
122659256,0,0,0,0,0
122659261,0,0,0,0,0
122659266,0,0,0,0,0
122659271,0,0,0,0,0
122659276,0,0,0,0,0
122659281,0,0,0,0,0
122659286,0,0,0,0,0
122659291,0,0,0,0,0
122659296,0,0,0,0,0
122659301,0,0,0,0,0
122659306,0,0,0,0,0
122659311,0,0,0,0,0
122659316,0,0,0,0,0
122659321,0,0,0,0,0
122659326,1,0,2,0,0
122659331,0,0,0,0,0
122659336,0,0,0,0,0
122659341,0,0,0,0,0
122659346,0,0,0,0,0
122659351,1,0,2,0,0
122659356,0,0,0,0,0
122659361,0,0,0,0,0
122659366,0,0,0,0,0
122659371,0,0,0,0,0
122659376,0,0,1,0,0
122659381,0,0,0,0,0
122659386,0,0,0,0,0
122659391,0,0,0,0,0
122659396,0,0,0,0,0
122659401,0,0,0,0,0
122659406,0,0,0,0,0
122659411,0,0,0,0,0
122659416,0,0,0,0,0
122659421,0,0,0,0,0
122659426,0,0,0,0,0
122659431,0,0,0,0,0
122659436,0,0,0,0,0
122659441,0,0,0,0,0
122659446,0,0,0,0,0
122659451,0,0,0,0,0
122659456,0,0,0,0,0
122659461,0,0,0,0,0
122659466,0,0,0,0,0
122659471,0,0,0,0,0
122659476,0,0,0,0,0
122659481,0,0,0,0,0
122659486,0,0,0,0,0
122659491,0,0,0,0,0
122659496,0,0,0,0,0
122659501,0,0,0,0,0
122659506,0,0,0,0,0
122659511,0,0,0,0,0
122659516,0,0,0,0,0
122659521,0,0,0,0,0
122659526,1,0,0,0,0
122659531,0,0,0,0,0
122659536,0,0,0,0,0
122659541,0,0,0,0,0
122659546,0,0,0,0,0
122659551,1,0,0,0,0
122659556,0,0,0,0,0
122659561,0,0,0,0,0
122659566,0,0,0,0,0
122659571,0,0,0,0,0
122659576,0,0,1,0,1
122659581,0,0,0,0,0
122659586,0,0,0,0,0
122659591,0,0,0,0,0
122659596,0,0,0,0,0
122659601,0,0,1,0,1
122659606,0,0,0,0,0
122659611,0,0,0,0,0
122659616,0,0,0,0,0
122659621,0,0,0,0,0
122659626,0,0,0,0,2
122659631,0,0,0,0,0
122659636,0,0,0,0,0
122659641,0,0,0,0,0
122659646,0,0,0,0,0
122659651,0,0,0,0,2
122659656,0,0,0,0,0
122659661,0,0,0,0,0
122659666,0,0,0,0,0
122659671,0,0,0,0,0
122659676,0,0,0,0,0
122659681,0,0,0,0,0
122659686,0,0,0,0,0
122659691,0,0,0,0,0
122659696,0,0,0,0,0
122659701,0,0,1,0,0
122659706,0,0,0,0,0
122659711,0,0,0,0,0
122659716,0,0,0,0,0
122659721,0,0,0,0,0
122659726,0,0,1,0,0
122659731,0,0,0,0,0
122659736,0,0,0,0,0
122659741,0,0,0,0,0
122659746,0,0,0,0,0
122659751,0,0,0,0,0
122659756,0,0,0,0,0
122659761,0,0,0,0,0
122659766,0,0,0,0,0
122659771,0,0,0,0,0
122659776,0,0,0,0,0
122659781,0,0,0,0,0
122659786,0,0,0,0,0
122659791,0,0,0,0,0
122659796,0,0,0,0,0
122659801,0,0,0,0,0
122659806,0,0,0,0,0
122659811,0,0,0,0,0
122659816,0,0,0,0,0
122659821,0,0,0,0,0
122659826,0,0,0,0,0
122659831,0,0,0,0,0
122659836,0,0,0,0,0
122659841,0,0,0,0,0
122659846,0,0,0,0,0
122659851,0,0,0,0,0
122659856,0,0,0,0,0
122659861,0,0,0,0,0
122659866,0,0,0,0,0
122659871,0,0,0,0,0
122659876,0,0,0,0,0
122659881,0,0,0,0,0
122659886,0,0,0,0,0
122659891,0,0,0,0,0
122659896,0,0,0,0,0
122659901,0,1,1,0,0
122659906,0,0,0,0,0
122659911,0,0,0,0,0
122659916,0,0,0,0,0
122659921,0,0,0,0,0
122659926,0,1,1,0,0
122659931,0,0,0,0,0
122659936,0,0,0,0,0
122659941,0,0,0,0,0
122659946,0,0,0,0,0
122659951,0,0,0,0,0
122659956,0,0,0,0,0
122659961,0,0,0,0,0
122659966,0,0,0,0,0
122659971,0,0,0,0,0
122659976,0,0,0,0,0
122659981,0,0,0,0,0
122659986,0,0,0,0,0
122659991,0,0,0,0,0
122659996,0,0,0,0,0
122660001,0,0,0,0,0
122660006,0,0,0,0,0
122660011,0,0,0,0,0
122660016,0,0,0,0,0
122660021,0,0,0,0,0
122660026,0,0,0,1,0
122660031,0,0,0,0,0
122660036,0,0,0,0,0
122660041,0,0,0,0,0
122660046,0,0,0,0,0
122660051,0,0,0,1,0
122660056,0,0,0,0,0
122660061,0,0,0,0,0
122660066,0,0,0,0,0
122660071,0,0,0,0,0
122660076,0,0,0,1,0
122660081,0,0,0,0,0
122660086,0,0,0,0,0
122660091,0,0,0,0,0
122660096,0,0,0,0,0
122660101,0,0,0,2,0
122660106,0,0,0,0,0
122660111,0,0,0,0,0
122660116,0,0,0,0,0
122660121,0,0,0,0,0
122660126,0,0,0,3,1
122660131,0,0,0,0,0
122660136,0,0,0,0,0
122660141,0,0,0,0,0
122660146,0,0,0,0,0
122660151,0,0,1,4,1
122660156,0,0,0,0,0
122660161,0,0,0,0,0
122660166,0,0,0,0,0
122660171,0,0,0,0,0
122660176,0,0,1,2,0
122660181,0,0,0,0,0
122660186,0,0,0,0,0
122660191,0,0,0,0,0
122660196,0,0,0,0,0
122660201,0,0,1,1,0
122660206,0,0,0,0,0
122660211,0,0,0,0,0
122660216,0,0,0,0,0
122660221,0,0,0,0,0
122660226,0,0,1,1,0
122660231,0,0,0,0,0
122660236,0,0,0,0,0
122660241,0,0,0,0,0
122660246,0,0,0,0,0
122660251,0,0,0,0,0
122660256,0,0,0,0,0
122660261,0,0,0,0,0
122660266,0,0,0,0,0
122660271,0,0,0,0,0
122660276,0,0,0,0,0
122660281,0,0,0,0,0
122660286,0,0,0,0,0
122660291,0,0,0,0,0
122660296,0,0,0,0,0
122660301,0,0,0,0,1
122660306,0,0,0,0,0
122660311,0,0,0,0,0
122660316,0,0,0,0,0
122660321,0,0,0,0,0
122660326,0,0,1,0,1
122660331,0,0,0,0,0
122660336,0,0,0,0,0
122660341,0,0,0,0,0
122660346,0,0,0,0,0
122660351,0,0,1,0,0
122660356,0,0,0,0,0
122660361,0,0,0,0,0
122660366,0,0,0,0,0
122660371,0,0,0,0,0
122660376,0,0,0,0,0
122660381,0,0,0,0,0
122660386,0,0,0,0,0
122660391,0,0,0,0,0
122660396,0,0,0,0,0
122660401,0,0,0,0,0
122660406,0,0,0,0,0
122660411,0,0,0,0,0
122660416,0,0,0,0,0
122660421,0,0,0,0,0
122660426,0,0,0,0,0
122660431,0,0,0,0,0
122660436,0,0,0,0,0
122660441,0,0,0,0,0
122660446,0,0,0,0,0
122660451,0,1,0,0,1
122660456,0,0,0,0,0
122660461,0,0,0,0,0
122660466,0,0,0,0,0
122660471,0,0,0,0,0
122660476,0,1,0,0,1
122660481,0,0,0,0,0
122660486,0,0,0,0,0
122660491,0,0,0,0,0
122660496,0,0,0,0,0
122660501,0,0,0,0,0
122660506,0,0,0,0,0
122660511,0,0,0,0,0
122660516,0,0,0,0,0
122660521,0,0,0,0,0
122660526,0,0,0,0,0
122660531,0,0,0,0,0
122660536,0,0,0,0,0
122660541,0,0,0,0,0
122660546,0,0,0,0,0
122660551,0,0,0,0,0
122660556,0,0,0,0,0
122660561,0,0,0,0,0
122660566,0,0,0,0,0
122660571,0,0,0,0,0
122660576,0,0,0,0,0
122660581,0,0,0,0,0
122660586,0,0,0,0,0
122660591,0,0,0,0,0
122660596,0,0,0,0,0
122660601,0,0,0,0,0
122660606,0,0,0,0,0
122660611,0,0,0,0,0
122660616,0,0,0,0,0
122660621,0,0,0,0,0
122660626,0,0,0,0,0
122660631,0,0,0,0,0
122660636,0,0,0,0,0
122660641,0,0,0,0,0
122660646,0,0,0,0,0
122660651,1,0,1,0,0
122660656,0,0,0,0,0
122660661,0,0,0,0,0
122660666,0,0,0,0,0
122660671,0,0,0,0,0
122660676,1,0,1,0,0
122660681,0,0,0,0,0
122660686,0,0,0,0,0
122660691,0,0,0,0,0
122660696,0,0,0,0,0
122660701,0,0,1,0,1
122660706,0,0,0,0,0
122660711,0,0,0,0,0
122660716,0,0,0,0,0
122660721,0,0,0,0,0
122660726,0,0,1,0,1
122660731,0,0,0,0,0
122660736,0,0,0,0,0
122660741,0,0,0,0,0
122660746,0,0,0,0,0
122660751,0,0,0,0,0
122660756,0,0,0,0,0
122660761,0,0,0,0,0
122660766,0,0,0,0,0
122660771,0,0,0,0,0
122660776,0,0,0,0,0
122660781,0,0,0,0,0
122660786,0,0,0,0,0
122660791,0,0,0,0,0
122660796,0,0,0,0,0
122660801,0,0,0,0,0
122660806,0,0,0,0,0
122660811,0,0,0,0,0
122660816,0,0,0,0,0
122660821,0,0,0,0,0
122660826,0,0,0,0,0
122660831,0,0,0,0,0
122660836,0,0,0,0,0
122660841,0,0,0,0,0
122660846,0,0,0,0,0
122660851,0,0,0,0,0
122660856,0,0,0,0,0
122660861,0,0,0,0,0
122660866,0,0,0,0,0
122660871,0,0,0,0,0
122660876,0,0,0,0,0
122660881,0,0,0,0,0
122660886,0,0,0,0,0
122660891,0,0,0,0,0
122660896,0,0,0,0,0
122660901,0,0,0,0,0
122660906,0,0,0,0,0
122660911,0,0,0,0,0
122660916,0,0,0,0,0
122660921,0,0,0,0,0
122660926,0,0,0,0,0
122660931,0,0,0,0,0
122660936,0,0,0,0,0
122660941,0,0,0,0,0
122660946,0,0,0,0,0
122660951,0,0,0,0,0
122660956,0,0,0,0,0
122660961,0,0,0,0,0
122660966,0,0,0,0,0
122660971,0,0,0,0,0
122660976,0,0,0,0,0
122660981,0,0,0,0,0
122660986,0,0,0,0,0
122660991,0,0,0,0,0
122660996,0,0,0,0,0
122661001,0,0,0,0,0
122661006,0,0,0,0,0
122661011,0,0,0,0,0
122661016,0,0,0,0,0
122661021,0,0,0,0,0
122661026,0,0,0,0,0
122661031,0,0,0,0,0
122661036,0,0,0,0,0
122661041,0,0,0,0,0
122661046,0,0,0,0,0
122661051,0,0,0,0,0
122661056,0,0,0,0,0
122661061,0,0,0,0,0
122661066,0,0,0,0,0
122661071,0,0,0,0,0
122661076,0,0,0,0,0
122661081,0,0,0,0,0
122661086,0,0,0,0,0
122661091,0,0,0,0,0
122661096,0,0,0,0,0
122661101,0,0,0,0,0
122661106,0,0,0,0,0
122661111,0,0,0,0,0
122661116,0,0,0,0,0
122661121,0,0,0,0,0
122661126,0,0,0,0,0
122661131,0,0,0,0,0
122661136,0,0,0,0,0
122661141,0,0,0,0,0
122661146,0,0,0,0,0
122661151,1,0,0,0,0
122661156,0,0,0,0,0
122661161,0,0,0,0,0
122661166,0,0,0,0,0
122661171,0,0,0,0,0
122661176,1,0,0,0,0
122661181,0,0,0,0,0
122661186,0,0,0,0,0
122661191,0,0,0,0,0
122661196,0,0,0,0,0
122661201,0,0,1,1,0
122661206,0,0,0,0,0
